protein	n
A0A178US29	2
A0A178VQ59	2
A0A178W0K0	3
A0A178W3G2	2
A0A1I9LM38	2
A0A1I9LMD5	3
A0A1I9LMV6	3
A0A1I9LPW2	2
A0A1I9LQ26	1
A0A1I9LRM4	4
A0A1I9LSA3	3
A0A1I9LTS6	1
A0A1P8APQ0	1
A0A1P8ARL5	2
A0A1P8ATN7	2
A0A1P8AUY4	1
A0A1P8AV88	1
A0A1P8AVQ6	4
A0A1P8AVS2	4
A0A1P8AVY3	3
A0A1P8AW47	4
A0A1P8AWS5	3
A0A1P8AWX3	1
A0A1P8AZ49	3
A0A1P8AZN3	5
A0A1P8B0B7	1
A0A1P8B2U5	2
A0A1P8B3W0	2
A0A1P8B4A5	2
A0A1P8B4Y6	1
A0A1P8B5D8	1
A0A1P8B6L8	1
A0A1P8B8B4	2
A0A1P8B9B2	1
A0A1P8BA53	3
A0A1P8BAT6	1
A0A1P8BB34	5
A0A1P8BB42	3
A0A1P8BC04	3
A0A1P8BGF0	2
A0A1P8BGI7	2
A0A219HZL6	4
A0MFS5	5
A1A6M1	7
A1L4Y4	2
A2RVJ8	1
A2RVK7	4
A2RVS6	2
A2RVT9	5
A3KPE8	1
A3KPF2	4
A3KPF3	1
A4FVN8	7
A4GNA8	2
A4GSN8	4
A8MPR5	2
A8MQR0	2
A8MRD9	1
A8MRQ5	1
A8MRX0	3
A8MS32	1
A8MS68	1
A8MS85	4
A8R7E6	2
A8R7K9	1
B3DNP3	3
B3H5K9	1
B3H6J5	3
B3H797	1
B3H7H1	4
B3LF48	1
B3LFA4	3
B4F7N8	2
B5BT18	1
B5X0I6	3
B5X503	6
B5X565	3
B5X582	3
B6EUA9	4
B6EUB3	1
B9DFG3	4
B9DFI7	3
B9DFX7	1
B9DG73	2
B9DGC0	1
B9DGD6	6
B9DGK6	1
B9DGU7	3
B9DHA6	1
B9DHD3	3
B9DHG0	1
C0LGD7	5
C0LGG4	2
C0LGG8	4
C0LGG9	2
C0LGH3	3
C0LGK4	1
C0LGN2	5
C0LGP4	2
C0LGQ9	4
C0LGS2	2
C0LGT1	4
C0LGX1	1
C0Z2A9	2
D2WL32	5
D7SFH9	1
E0X9N4	1
F4HNU6	2
F4HPK3	2
F4HPR9	1
F4HQ17	2
F4HQ84	2
F4HQ87	1
F4HQ88	1
F4HQD4	5
F4HQH8	1
F4HQZ1	6
F4HRC1	2
F4HRR0	3
F4HRT5	2
F4HS99	2
F4HSW8	2
F4HSX9	2
F4HTY0	3
F4HUK6	2
F4HUX0	4
F4HVV6	2
F4HVW5	3
F4HWC3	2
F4HWE6	5
F4HWL4	2
F4HX15	1
F4HXZ1	6
F4HY32	2
F4HY56	1
F4HYF3	4
F4HZB2	1
F4HZI8	2
F4HZK4	3
F4HZS8	3
F4I0B5	3
F4I0K2	2
F4I116	3
F4I1S7	3
F4I2A0	2
F4I2J8	3
F4I366	4
F4I3B3	1
F4I3C3	3
F4I3J0	1
F4I3K4	6
F4I3M3	4
F4I3P9	3
F4I3X3	2
F4I3Z5	3
F4I420	3
F4I4Q1	2
F4I4Q9	3
F4I4Y6	2
F4I543	2
F4I6B2	3
F4I7I0	1
F4I7L1	4
F4I7X1	2
F4I893	5
F4I8B9	4
F4I8Q1	4
F4I9G5	2
F4I9J7	1
F4I9P7	4
F4I9Q5	1
F4I9T0	2
F4IA25	4
F4IAF6	2
F4IAL1	1
F4IAP5	3
F4IAT2	5
F4IB63	5
F4IB68	3
F4IB81	3
F4IBB2	3
F4IC59	1
F4ICB5	1
F4ICK8	3
F4IDB4	6
F4IDC2	4
F4IDC8	3
F4IDS7	2
F4IE14	2
F4IF81	1
F4IFC5	2
F4IFD0	2
F4IG73	1
F4IGF6	1
F4IGL2	1
F4IH25	1
F4IHS2	4
F4IHU8	1
F4IHY7	1
F4II29	1
F4IIM1	3
F4IIS5	1
F4IIU4	3
F4IJ68	3
F4IJD7	3
F4IK01	2
F4IKM1	2
F4IL68	6
F4IM84	5
F4IMJ8	2
F4IMW3	6
F4IP69	2
F4IPZ3	4
F4IQJ4	3
F4IRD3	3
F4IRR2	2
F4IRX7	3
F4IS56	1
F4IS91	1
F4ISN0	3
F4ISQ7	1
F4IST2	4
F4ISU2	5
F4IT98	2
F4ITI0	1
F4IUW3	1
F4IUX6	1
F4IV18	8
F4IV99	2
F4IVJ8	7
F4IVL6	1
F4IVP3	1
F4IVU7	3
F4IVY6	1
F4IW10	4
F4IWK4	3
F4IWV2	1
F4IX22	3
F4IXH9	1
F4IXW2	4
F4IYF8	1
F4IYK3	7
F4IZK0	1
F4IZR5	2
F4J061	3
F4J077	1
F4J0D2	2
F4J0P2	3
F4J2K2	2
F4J2T9	1
F4J355	2
F4J381	1
F4J3D9	3
F4J3J5	2
F4J3M2	1
F4J3Q1	1
F4J4K6	2
F4J4V1	5
F4J551	1
F4J573	3
F4J5A7	3
F4J5D3	6
F4J5I0	2
F4J5R1	3
F4J5S1	1
F4J5Y7	2
F4J6A8	6
F4J6F6	2
F4J6V1	1
F4J8C6	5
F4J8D3	6
F4J8K6	4
F4J8L3	1
F4J9A0	4
F4J9K9	9
F4J9Q6	3
F4J9U2	1
F4J9W8	6
F4JAA5	6
F4JAE0	1
F4JB05	3
F4JB65	2
F4JBL2	2
F4JBU0	1
F4JC31	3
F4JC74	1
F4JC97	4
F4JCI4	1
F4JCM7	1
F4JCU3	4
F4JDN8	3
F4JEH7	1
F4JF14	1
F4JFN3	2
F4JGB7	1
F4JGR5	2
F4JHD7	2
F4JHH5	2
F4JHI1	7
F4JHW1	1
F4JHZ4	2
F4JI63	5
F4JIN3	1
F4JJB2	4
F4JJC1	1
F4JJC3	2
F4JJE0	4
F4JJL3	2
F4JJP1	2
F4JJT9	5
F4JK17	3
F4JK28	2
F4JKH6	1
F4JKW8	2
F4JKZ9	1
F4JL11	2
F4JL28	2
F4JL64	2
F4JLJ2	3
F4JLM5	2
F4JLY4	2
F4JM19	2
F4JMF4	1
F4JMJ1	1
F4JNE2	2
F4JNL5	2
F4JP52	2
F4JPA3	6
F4JQ75	4
F4JQ90	3
F4JQ95	5
F4JQE2	2
F4JQH3	6
F4JQS2	5
F4JQU9	3
F4JR77	6
F4JRD9	2
F4JRJ6	1
F4JRN0	4
F4JRN8	1
F4JRP0	1
F4JRR1	3
F4JRX3	1
F4JSP7	3
F4JSZ5	1
F4JT13	1
F4JT76	1
F4JT92	1
F4JTD2	4
F4JTD8	2
F4JTE7	3
F4JTI1	1
F4JTK8	3
F4JTL0	2
F4JTN1	1
F4JTP5	2
F4JU03	2
F4JV77	1
F4JVH1	1
F4JVM4	1
F4JVS4	1
F4JVV4	3
F4JW20	5
F4JXC2	1
F4JXM9	3
F4JXW9	3
F4JYC1	3
F4JYQ8	2
F4JZX8	2
F4JZY1	4
F4K000	8
F4K0A6	1
F4K0E8	2
F4K0X5	2
F4K1C7	3
F4K1D3	2
F4K1G7	1
F4K1P9	1
F4K1R2	3
F4K1U5	6
F4K1Z0	2
F4K2A1	6
F4K2E9	2
F4K2J2	1
F4K2K3	2
F4K2Y3	6
F4K329	1
F4K330	1
F4K3U7	2
F4K3X8	1
F4K452	3
F4K455	3
F4K460	2
F4K465	2
F4K4E3	2
F4K4J0	2
F4K4L7	1
F4K4Y5	2
F4K5B9	2
F4K5J1	4
F4K5S0	1
F4K5W8	5
F4K5Y5	4
F4K657	1
F4K6X6	1
F4K6Y8	3
F4K7W6	1
F4K8L2	3
F4K8Y6	1
F4K9G5	3
F4K9W6	2
F4KAG0	1
F4KAS6	2
F4KBF3	4
F4KCC2	1
F4KCL7	1
F4KCR0	3
F4KCY1	2
F4KD71	1
F4KDH9	1
F4KDI6	2
F4KDK1	1
F4KE59	1
F4KE63	1
F4KEV7	1
F4KF27	1
F4KF65	2
F4KFT7	1
F4KG14	6
F4KG91	4
F4KGQ0	2
F4KHD5	3
F4KHH8	1
F4KHN5	1
F4KIH8	3
F4KIJ2	2
FAPP1	1
FLAG-PUP	4
GFP	4
H3K2Y6	1
MaPmCherry	1
O03042	3
O03983	3
O03986	2
O04005	1
O04019	1
O04023	5
O04083	1
O04147	1
O04153	5
O04157	1
O04193	3
O04197	2
O04209	6
O04249	2
O04308	1
O04309	2
O04310	3
O04311	3
O04314	2
O04342	1
O04350	3
O04379	1
O04420	2
O04450	2
O04486	5
O04487	2
O04496	1
O04499	8
O04551	4
O04567	5
O04616	1
O04619	2
O04630	2
O04658	2
O04663	2
O04834	2
O04846	3
O04848	3
O04905	5
O04922	4
O04951	1
O04983	1
O22100	5
O22126	3
O22146	1
O22173	3
O22187	2
O22193	1
O22203	3
O22212	3
O22218	4
O22229	2
O22263	5
O22265	4
O22268	2
O22281	3
O22287	2
O22315	3
O22446	4
O22467	5
O22468	7
O22476	3
O22607	7
O22609	4
O22633	1
O22683	1
O22711	1
O22715	1
O22764	1
O22769	3
O22773	4
O22785	5
O22793	4
O22795	1
O22797	1
O22809	6
O22820	4
O22822	3
O22826	6
O22827	4
O22832	1
O22842	1
O22860	1
O22874	1
O22892	2
O22898	8
O22899	2
O22914	2
O22922	4
O22929	2
O22940	3
O22941	7
O22947	1
O22957	5
O22959	1
O22969	2
O22978	2
O22993	1
O23016	6
O23029	1
O23034	1
O23044	3
O23052	5
O23087	1
O23095	4
O23140	2
O23144	1
O23157	3
O23166	1
O23167	1
O23170	1
O23179	2
O23207	4
O23220	2
O23231	1
O23234	1
O23247	8
O23252	3
O23254	8
O23255	8
O23264	7
O23299	2
O23324	1
O23346	3
O23365	1
O23372	1
O23401	1
O23404	3
O23406	2
O23413	3
O23461	3
O23463	2
O23482	2
O23515	1
O23553	2
O23593	3
O23617	1
O23627	8
O23628	6
O23629	2
O23654	9
O23657	2
O23676	5
O23680	1
O23702	2
O23710	6
O23715	5
O23717	2
O23722	2
O24412	5
O24454	1
O24457	2
O24496	4
O24520	1
O24521	1
O24527	2
O24633	1
O24653	4
O24658	3
O43790	1
O48528	1
O48529	2
O48549	1
O48588	3
O48626	5
O48646	4
O48661	4
O48676	2
O48683	5
O48713	5
O48723	2
O48724	5
O48788	7
O48791	1
O48802	2
O48832	5
O48844	5
O48845	1
O48917	4
O48946	4
O48963	5
O49006	4
O49048	1
O49160	2
O49203	3
O49285	2
O49299	3
O49339	3
O49377	2
O49453	2
O49457	3
O49460	4
O49482	2
O49499	5
O49543	1
O49545	4
O49552	2
O49553	5
O49570	1
O49595	2
O49596	4
O49597	1
O49603	1
O49613	1
O49627	2
O49629	3
O49636	1
O49653	6
O49675	1
O49717	2
O49841	2
O50008	6
O50061	1
O64474	2
O64490	1
O64517	3
O64530	3
O64584	2
O64586	1
O64628	3
O64632	3
O64642	1
O64644	2
O64730	1
O64740	1
O64743	1
O64760	3
O64816	4
O64825	2
O64843	2
O64850	2
O64855	2
O64866	8
O64872	2
O64879	1
O64883	5
O64888	2
O64948	2
O65023	1
O65041	1
O65090	1
O65202	6
O65220	1
O65258	2
O65271	6
O65282	3
O65351	1
O65370	3
O65390	1
O65398	7
O65399	2
O65423	1
O65448	2
O65449	2
O65502	1
O65570	1
O65572	5
O65581	5
O65583	3
O65628	2
O65639	2
O65655	5
O65660	1
O65669	2
O65686	1
O65709	1
O65719	3
O65782	1
O65787	2
O65896	3
O65902	4
O78310	1
O80345	3
O80358	4
O80386	2
O80439	2
O80448	3
O80452	1
O80456	1
O80472	3
O80475	3
O80476	5
O80477	6
O80480	3
O80492	2
O80501	1
O80503	2
O80504	4
O80512	4
O80526	1
O80533	1
O80548	1
O80565	1
O80567	3
O80574	3
O80575	3
O80576	1
O80585	5
O80626	1
O80653	7
O80673	2
O80719	1
O80725	6
O80763	4
O80780	2
O80786	1
O80796	6
O80798	3
O80809	2
O80837	5
O80840	1
O80842	2
O80846	1
O80852	5
O80858	1
O80860	4
O80891	3
O80897	8
O80925	2
O80929	2
O80934	2
O80939	2
O80950	4
O80961	2
O80988	1
O81004	2
O81016	3
O81047	2
O81097	2
O81098	4
O81108	1
O81126	4
O81146	1
O81147	3
O81148	1
O81153	1
O81208	3
O81283	2
O81299	1
O81325	1
O81439	3
O81445	2
O81493	2
O81629	4
O81644	4
O81645	6
O81716	1
O81728	3
O81742	1
O81826	1
O81852	2
O82089	4
O82191	3
O82197	1
O82221	3
O82226	2
O82230	5
O82233	1
O82234	1
O82238	3
O82261	3
O82263	1
O82264	5
O82266	1
O82290	1
O82291	3
O82299	1
O82314	2
O82326	2
O82352	2
O82381	2
O82392	1
O82399	1
O82462	2
O82481	1
O82487	7
O82491	5
O82499	4
O82514	3
O82533	3
O82587	1
O82628	9
O82629	9
O82645	3
O82647	3
O82656	6
O82659	2
O82662	2
O82762	3
O82768	3
P02662	2
P04778	3
P05466	4
P06525	7
P09468	3
P0C7P7	2
P0C896	4
P0C8S1	1
P0CAN7	9
P0CB16	1
P0CJ46	1
P0CJ66	3
P0DH79	2
P0DH91	2
P0DH92	3
P0DH95	6
P0DH97	5
P0DI12	4
P0DI74	1
P0DI76	3
P0DI78	5
P0DKC5	2
P0DKI3	2
P0DKL4	4
P0DO24	2
P0DO44	3
P10795	3
P10796	5
P10797	2
P10896	1
P11139	2
P11574	7
P11832	4
P12411	2
P14671	3
P14712	4
P14713	2
P15455	3
P15456	1
P15457	5
P15458	2
P15459	1
P15460	3
P16181	1
P16972	4
P17094	1
P17597	1
P18064	3
P18616	3
P19366	3
P19456	7
P20115	1
P20431	3
P20649	6
P21216	2
P21238	2
P21240	1
P21276	1
P22738	1
P22953	2
P22954	3
P23321	3
P23586	7
P24100	5
P24101	1
P24636	1
P24704	6
P24806	3
P25071	1
P25697	3
P25702	3
P25851	3
P25853	2
P25855	2
P25856	2
P25857	1
P25863	1
P25873	1
P26568	4
P26569	3
P27140	6
P27202	1
P27323	2
P27521	2
P28186	2
P28187	1
P28188	1
P28297	1
P29197	3
P29402	3
P29513	3
P29515	3
P29516	2
P29517	2
P29525	2
P29976	1
P30184	8
P30185	1
P30186	2
P30224	3
P30302	5
P31166	5
P31168	3
P31169	3
P31265	8
P31414	1
P32069	3
P32826	2
P32961	6
P32962	2
P33207	2
P33543	2
P34047	1
P34066	4
P34788	1
P34791	4
P34795	2
P34802	1
P35510	2
P36212	3
P36397	1
P36428	7
P37107	1
P37271	3
P37702	2
P38418	1
P38420	5
P38421	3
P38557	2
P38558	1
P38605	2
P39207	6
P39697	4
P41088	4
P41376	2
P41377	2
P42036	2
P42158	1
P42643	6
P42644	6
P42645	5
P42697	4
P42698	3
P42699	2
P42730	1
P42731	7
P42732	1
P42733	2
P42734	7
P42737	7
P42742	2
P42744	2
P42748	4
P42750	1
P42758	4
P42759	6
P42760	1
P42761	5
P42762	1
P42763	6
P42791	1
P42798	1
P42799	3
P42801	2
P42814	8
P42825	5
P43255	3
P43286	4
P43287	5
P43291	1
P43292	4
P43296	4
P43298	6
P43299	2
P43333	3
P45432	4
P45434	2
P45724	1
P46010	3
P46032	1
P46077	8
P46086	2
P46248	3
P46283	2
P46309	1
P46310	1
P46416	5
P46421	9
P46422	3
P46645	4
P46690	4
P46864	1
P47192	2
P47996	2
P47998	4
P47999	1
P48000	2
P48006	4
P48347	8
P48348	7
P48349	2
P48421	2
P48482	2
P48483	3
P48491	8
P48523	2
P48578	1
P48622	2
P48623	2
P48641	4
P49077	1
P49078	2
P49107	4
P49177	4
P49205	1
P49227	1
P49572	2
P49599	2
P49688	1
P49689	2
P49691	1
P49692	1
P49693	5
P49967	2
P50287	8
P50318	2
P50546	1
P50699	2
P51407	2
P51412	2
P51414	1
P51418	4
P51419	6
P51422	5
P51424	2
P51818	2
P52032	2
P52410	1
P52420	3
P52577	4
P52839	4
P52901	8
P53494	1
P53496	1
P53799	1
P54121	1
P54144	2
P54150	2
P54609	2
P54873	1
P54887	4
P54888	3
P54904	1
P55034	8
P55228	3
P55229	1
P55737	2
P55852	4
P56753	4
P56754	1
P56757	2
P56759	2
P56760	1
P56761	2
P56762	3
P56763	1
P56765	2
P56766	1
P56767	1
P56772	6
P56773	1
P56774	3
P56777	3
P56778	4
P56779	4
P56780	2
P56785	2
P56788	3
P56794	4
P56796	3
P56801	1
P56802	2
P56805	1
P56807	2
P56808	1
P56820	2
P57106	6
P57691	1
P57720	2
P57741	4
P57742	4
P57750	3
P57751	6
P57752	4
P58728	2
P59220	2
P59223	2
P59226	3
P59230	1
P59231	4
P59259	3
P60039	1
P60838	1
P61837	3
P61843	1
P61845	2
P61847	1
P62090	3
P62126	1
P68209	3
P82266	3
P82281	1
P82538	4
P82658	3
P82869	2
P82873	1
P83291	2
P83755	4
P92557	1
P92935	3
P92939	1
P92947	3
P92948	7
P92958	2
P92963	2
P92964	1
P92965	4
P92966	1
P92974	4
P92976	4
P92980	2
P92981	1
P92985	1
P92994	3
P92996	2
P93004	6
P93008	6
P93025	3
P93028	6
P93031	8
P93033	1
P93042	2
P93043	2
P93046	1
P93047	4
P93303	1
P93654	2
P93655	4
P93732	2
P93736	2
P93755	6
P93819	7
P93832	3
P93834	3
P93836	2
P94040	1
P94072	1
P94078	1
P94088	4
P98204	4
PHPLC	1
PafA	6
Q01474	3
Q01525	7
Q01667	1
Q01908	2
Q02971	2
Q03250	1
Q04088	2
Q04613	2
Q04836	5
Q05153	7
Q05212	1
Q05431	6
Q05758	1
Q06327	2
Q06588	1
Q06611	4
Q06738	3
Q06850	4
Q06BH3	4
Q07099	4
Q07100	3
Q07356	1
Q07473	2
Q08298	2
Q08467	2
Q09152	7
Q0IGM5	1
Q0V7T5	1
Q0V869	5
Q0WL52	2
Q0WL80	4
Q0WLB5	5
Q0WLC6	1
Q0WLY0	4
Q0WM29	1
Q0WM93	2
Q0WML0	1
Q0WML1	6
Q0WMN5	1
Q0WMT6	1
Q0WN19	2
Q0WNJ6	3
Q0WNP8	1
Q0WNX3	1
Q0WNZ5	6
Q0WP12	7
Q0WPH8	1
Q0WPR4	2
Q0WPU1	1
Q0WQ57	1
Q0WQ75	1
Q0WQB7	4
Q0WQE7	5
Q0WQF4	2
Q0WQF7	8
Q0WQH3	3
Q0WQK2	3
Q0WR25	1
Q0WR59	3
Q0WRA3	3
Q0WRJ7	3
Q0WSF1	1
Q0WSY2	2
Q0WT48	2
Q0WTS1	1
Q0WUF6	1
Q0WUI9	3
Q0WUQ7	2
Q0WUR1	3
Q0WUY1	1
Q0WV37	1
Q0WV47	2
Q0WV78	1
Q0WV86	3
Q0WVD6	5
Q0WVE8	1
Q0WVF8	2
Q0WVH7	6
Q0WVL7	2
Q0WVM5	2
Q0WVN5	1
Q0WVR7	2
Q0WVX5	1
Q0WW21	6
Q0WW26	1
Q0WW53	1
Q0WW55	1
Q0WW94	2
Q0WWQ1	3
Q0WWT7	2
Q1EBV4	4
Q1ECE0	1
Q1G3G5	3
Q1G3K2	4
Q1H537	2
Q1H595	3
Q1JPL7	1
Q1JPN7	2
Q1JPP0	2
Q1PDF5	3
Q1PEI1	1
Q1WIQ6	7
Q208N7	3
Q24JL3	3
Q24JN5	3
Q29Q26	2
Q29Q34	4
Q2HIK4	4
Q2HIW6	3
Q304B9	3
Q31708	3
Q38799	8
Q38814	2
Q38820	1
Q38821	2
Q38842	3
Q38845	5
Q38853	1
Q38854	2
Q38858	4
Q38859	5
Q38868	5
Q38871	9
Q38872	3
Q38873	4
Q38884	3
Q38890	1
Q38893	2
Q38900	1
Q38911	3
Q38919	1
Q38921	2
Q38922	1
Q38929	8
Q38932	3
Q38935	8
Q38936	7
Q38946	4
Q38950	3
Q38951	3
Q38953	4
Q38997	5
Q38998	1
Q39002	1
Q39010	1
Q39016	4
Q39023	2
Q39024	4
Q39032	2
Q39033	6
Q39048	3
Q39054	5
Q39061	1
Q39079	1
Q39085	2
Q39097	2
Q39099	2
Q39101	3
Q39102	4
Q39117	1
Q39129	3
Q39131	1
Q39132	1
Q39133	2
Q39142	2
Q39160	3
Q39161	2
Q39165	2
Q39168	1
Q39172	8
Q39173	3
Q39189	3
Q39196	1
Q39199	3
Q39211	5
Q39221	3
Q39222	3
Q39227	2
Q39228	2
Q39230	7
Q39231	2
Q39232	1
Q39241	7
Q39242	7
Q39243	1
Q39247	2
Q39250	1
Q39251	3
Q39255	4
Q39256	1
Q39258	9
Q3E870	1
Q3E902	1
Q3E9C8	2
Q3EBL9	1
Q3ECS3	1
Q3ED65	3
Q41188	1
Q41931	5
Q41932	2
Q41969	2
Q42064	2
Q42093	2
Q42112	2
Q42134	1
Q42139	4
Q42262	1
Q42290	2
Q42338	4
Q42340	1
Q42344	2
Q42351	3
Q42384	5
Q42396	1
Q42403	7
Q42404	3
Q42418	1
Q42431	1
Q42438	3
Q42440	1
Q42449	1
Q42472	5
Q42479	6
Q42510	1
Q42521	3
Q42522	2
Q42523	4
Q42524	2
Q42525	4
Q42534	5
Q42538	4
Q42541	2
Q42546	3
Q42551	4
Q42553	2
Q42560	2
Q42564	4
Q42565	3
Q42566	3
Q42572	3
Q42581	1
Q42583	1
Q42586	3
Q42589	2
Q42592	1
Q42593	2
Q42599	1
Q42600	1
Q42601	1
Q42602	1
Q42605	8
Q43125	2
Q43127	1
Q43128	1
Q43292	2
Q43307	5
Q43315	5
Q43348	2
Q43727	2
Q43729	1
Q43735	2
Q43866	2
Q43870	4
Q43872	4
Q43873	1
Q494N5	3
Q494P4	1
Q4V399	4
Q4V3C8	2
Q4V3C9	2
Q4V3D1	3
Q4VCM1	1
Q501D2	2
Q501F7	3
Q52K82	4
Q52K85	2
Q52T38	3
Q56WK6	5
Q56WN1	3
Q56X76	2
Q56XB0	1
Q56XQ0	1
Q56XR7	2
Q56Y85	4
Q56YA5	1
Q56YN3	4
Q56YN8	2
Q56YU0	2
Q56YW9	4
Q56Z59	4
Q56ZI2	6
Q56ZN6	2
Q570B4	4
Q570C8	1
Q58FW3	1
Q5D869	3
Q5E911	2
Q5G5E0	3
Q5GM68	7
Q5HZ03	3
Q5M729	8
Q5MAU8	8
Q5QIT3	3
Q5RJC5	1
Q5S1W2	3
Q5S2C3	4
Q5S2C4	4
Q5W7F2	3
Q5XEN5	1
Q5XEP2	6
Q5XET7	1
Q5XEV6	1
Q5XEZ5	3
Q5XF03	1
Q5XF33	1
Q5XF81	6
Q5XF82	1
Q5XVC2	3
Q66GJ1	1
Q66GN3	2
Q66GP0	4
Q66GP9	4
Q66GR6	2
Q67Y93	1
Q67YA7	3
Q67YI9	2
Q67YR4	2
Q67Z52	4
Q67ZW2	7
Q680A5	4
Q680P8	1
Q681K2	1
Q681W7	3
Q682S0	2
Q682V0	2
Q683D4	3
Q6AWX1	2
Q6DBI9	3
Q6EVK6	3
Q6GKU7	1
Q6ICX4	1
Q6ICZ8	5
Q6IDA8	1
Q6IDB4	2
Q6IDB8	3
Q6IDC7	2
Q6NKN2	2
Q6NL08	3
Q6NL24	2
Q6NLH7	3
Q6NLQ6	3
Q6NM52	1
Q6NM71	2
Q6NMA9	1
Q6NMI3	2
Q6NMK2	4
Q6NMQ7	5
Q6NNP0	2
Q6NPL0	2
Q6NPM8	4
Q6NPP4	2
Q6NPR7	2
Q6NQ66	1
Q6NQ72	1
Q6NQC3	3
Q6NQH4	1
Q6NQL4	1
Q6NQM0	3
Q6NQN8	2
Q6Q151	4
Q6Q152	5
Q6R2J8	2
Q6S7B0	4
Q6STH5	2
Q6WWW4	1
Q6XJG8	2
Q6ZY51	4
Q70DU8	1
Q70E96	2
Q76E23	1
Q7DLR9	2
Q7DLS1	1
Q7DM58	1
Q7G191	2
Q7PC85	3
Q7PC86	2
Q7PC87	2
Q7X659	2
Q7XA68	2
Q7XJ53	5
Q7XJJ7	1
Q7XJN0	5
Q7XZU0	2
Q7XZU3	2
Q7Y0S0	1
Q7Y175	4
Q7Y1W1	4
Q7Y231	1
Q84J75	2
Q84JB7	7
Q84JE8	4
Q84JF2	3
Q84JF5	1
Q84JF8	1
Q84JK1	3
Q84JS5	2
Q84K25	4
Q84K41	4
Q84K47	3
Q84K50	1
Q84KJ5	4
Q84LM4	2
Q84M92	2
Q84M96	2
Q84M97	3
Q84MB6	3
Q84MD7	4
Q84MD8	5
Q84QC1	1
Q84R10	1
Q84R14	2
Q84R16	3
Q84RQ7	5
Q84TF0	2
Q84TI2	2
Q84VQ1	3
Q84VQ3	2
Q84VW0	7
Q84VW9	1
Q84VZ1	2
Q84W56	1
Q84W75	1
Q84W91	2
Q84W92	5
Q84WE4	3
Q84WJ9	2
Q84WL6	1
Q84WM9	3
Q84WS0	1
Q84WU2	7
Q84WU5	3
Q84WU8	1
Q84WU9	5
Q84WV1	6
Q84WV4	1
Q84WV5	2
Q84WV8	2
Q84WW2	1
Q84Y18	3
Q84Y95	2
Q8GRL7	3
Q8GRX2	2
Q8GSA7	2
Q8GSJ1	1
Q8GTR4	6
Q8GUG7	2
Q8GUH5	1
Q8GUL2	2
Q8GUM4	3
Q8GUM8	3
Q8GUN1	1
Q8GUN2	3
Q8GUP3	2
Q8GW13	3
Q8GW48	2
Q8GW61	5
Q8GW78	2
Q8GWB4	2
Q8GWD7	4
Q8GWE0	1
Q8GWP4	1
Q8GWT4	2
Q8GWV5	1
Q8GWW7	2
Q8GWW8	1
Q8GWY0	4
Q8GX78	2
Q8GX84	6
Q8GXB1	1
Q8GXB7	4
Q8GXC5	1
Q8GXE2	1
Q8GXH5	2
Q8GXI5	2
Q8GXN6	3
Q8GXN9	1
Q8GXR5	1
Q8GXR6	2
Q8GXS3	5
Q8GXS6	1
Q8GXU7	3
Q8GXW5	2
Q8GXW8	3
Q8GY31	3
Q8GY46	5
Q8GY89	1
Q8GYA4	3
Q8GYA6	3
Q8GYC7	1
Q8GYI7	2
Q8GYK2	1
Q8GYL5	5
Q8GYM3	3
Q8GYN5	5
Q8GYN9	1
Q8GYV3	1
Q8GYW0	2
Q8GYX9	2
Q8GZ17	1
Q8GZ22	7
Q8GZ29	6
Q8GZ87	1
Q8GZ99	4
Q8GZD4	1
Q8GZQ3	2
Q8H0S3	4
Q8H0S9	8
Q8H0U3	1
Q8H0U4	4
Q8H0U8	3
Q8H0V3	3
Q8H0V6	2
Q8H0W0	4
Q8H0W1	1
Q8H0X6	1
Q8H100	1
Q8H103	4
Q8H104	2
Q8H110	3
Q8H112	2
Q8H124	2
Q8H126	2
Q8H136	1
Q8H151	1
Q8H166	1
Q8H181	5
Q8H183	7
Q8H1E2	5
Q8H1E3	1
Q8H1F1	2
Q8H1F8	2
Q8H1G5	1
Q8H1G6	5
Q8H1Q1	1
Q8H1Q2	3
Q8H1S4	3
Q8H1Y0	8
Q8H7F6	4
Q8H960	1
Q8L3P4	5
Q8L3X8	3
Q8L466	5
Q8L493	2
Q8L4D8	2
Q8L4M1	1
Q8L4N1	3
Q8L4Q6	2
Q8L4S3	2
Q8L4Y5	3
Q8L518	1
Q8L557	3
Q8L5U0	6
Q8L5V0	5
Q8L5Y0	1
Q8L5Y4	5
Q8L5Y6	6
Q8L5Y8	2
Q8L5Z1	3
Q8L5Z4	1
Q8L5Z7	2
Q8L601	4
Q8L611	1
Q8L636	3
Q8L637	1
Q8L6Y1	6
Q8L6Z4	5
Q8L706	3
Q8L710	4
Q8L719	1
Q8L743	2
Q8L748	1
Q8L751	1
Q8L773	1
Q8L785	1
Q8L788	2
Q8L798	5
Q8L7A5	1
Q8L7A9	1
Q8L7B2	2
Q8L7B5	2
Q8L7C2	2
Q8L7C9	2
Q8L7D2	1
Q8L7D5	1
Q8L7I4	3
Q8L7K9	2
Q8L7L0	1
Q8L7L1	3
Q8L7M3	3
Q8L7N0	5
Q8L7N2	2
Q8L7S3	2
Q8L7S4	6
Q8L7S7	4
Q8L7S8	2
Q8L7T4	1
Q8L7U4	2
Q8L7U5	3
Q8L7V3	1
Q8L7W0	6
Q8L7W3	3
Q8L7W8	2
Q8L7Z3	3
Q8L828	3
Q8L831	5
Q8L836	1
Q8L838	1
Q8L860	3
Q8L866	1
Q8L8Q8	1
Q8L8R4	1
Q8L8T2	2
Q8L8Z1	1
Q8L940	2
Q8L9A0	4
Q8L9L9	7
Q8L9M8	1
Q8L9S7	6
Q8L9W8	1
Q8L9Y0	2
Q8LA13	3
Q8LA16	2
Q8LA96	1
Q8LAA0	5
Q8LAA6	5
Q8LAA7	2
Q8LAC4	2
Q8LAD0	3
Q8LAK5	1
Q8LAP6	1
Q8LAR0	1
Q8LAS8	2
Q8LAZ7	4
Q8LB02	1
Q8LB10	4
Q8LB17	1
Q8LB47	1
Q8LB54	3
Q8LB72	1
Q8LBB2	4
Q8LBH4	3
Q8LBI1	3
Q8LBK6	2
Q8LBN7	2
Q8LBS4	1
Q8LC68	3
Q8LCA1	3
Q8LCE1	2
Q8LCP6	2
Q8LCQ4	1
Q8LCT3	1
Q8LCW9	3
Q8LD03	1
Q8LD27	4
Q8LD46	2
Q8LDB7	3
Q8LDK5	1
Q8LDL0	1
Q8LDN8	4
Q8LDP4	5
Q8LDQ4	2
Q8LDQ8	2
Q8LDU4	6
Q8LDV3	1
Q8LE26	2
Q8LE47	3
Q8LE52	3
Q8LE58	2
Q8LEB2	2
Q8LEB6	2
Q8LEG3	1
Q8LEQ0	4
Q8LER3	3
Q8LEU3	1
Q8LEZ4	2
Q8LF20	3
Q8LF21	6
Q8LF28	2
Q8LF48	2
Q8LF97	3
Q8LF99	2
Q8LFC0	1
Q8LFD1	2
Q8LFH3	2
Q8LFJ5	3
Q8LFS6	2
Q8LFT2	5
Q8LG11	2
Q8LG50	1
Q8LG77	2
Q8LG98	5
Q8LGC6	5
Q8LGE3	1
Q8LGF7	1
Q8LGG0	2
Q8LGG8	2
Q8LGI2	1
Q8LKS5	2
Q8LL04	3
Q8LPF0	1
Q8LPG9	4
Q8LPI5	4
Q8LPJ3	2
Q8LPJ4	1
Q8LPK2	5
Q8LPK4	3
Q8LPL3	3
Q8LPN7	1
Q8LPQ7	5
Q8LPQ8	1
Q8LPR8	4
Q8LPS1	4
Q8LPS6	1
Q8LPS9	3
Q8LPT1	4
Q8LPT3	2
Q8LRK9	1
Q8RU07	1
Q8RUD6	1
Q8RUF8	2
Q8RUH0	8
Q8RUW5	3
Q8RV79	4
Q8RW90	3
Q8RW94	3
Q8RWB1	4
Q8RWB7	2
Q8RWC0	3
Q8RWC5	2
Q8RWD5	3
Q8RWD8	1
Q8RWD9	1
Q8RWE1	3
Q8RWF0	6
Q8RWG8	1
Q8RWI0	1
Q8RWI2	3
Q8RWI9	2
Q8RWL2	2
Q8RWL6	1
Q8RWM2	1
Q8RWN3	2
Q8RWN5	3
Q8RWN7	1
Q8RWN9	8
Q8RWP0	2
Q8RWQ1	1
Q8RWQ4	2
Q8RWQ9	1
Q8RWR1	4
Q8RWT4	1
Q8RWT5	2
Q8RWU1	3
Q8RWU7	3
Q8RWV0	3
Q8RWV3	1
Q8RWV9	4
Q8RWW0	1
Q8RWW3	2
Q8RWY3	2
Q8RWY6	1
Q8RWY7	3
Q8RWZ3	6
Q8RWZ6	2
Q8RWZ7	1
Q8RX01	2
Q8RX28	4
Q8RX56	5
Q8RX71	2
Q8RX72	1
Q8RX79	1
Q8RX85	2
Q8RX86	1
Q8RX87	1
Q8RX88	2
Q8RX89	1
Q8RXD5	3
Q8RXD9	6
Q8RXF1	5
Q8RXF8	1
Q8RXG3	1
Q8RXN0	5
Q8RXN4	1
Q8RXN5	1
Q8RXN7	3
Q8RXQ4	4
Q8RXS1	3
Q8RXS5	2
Q8RXU4	2
Q8RXV3	6
Q8RXX5	2
Q8RXX9	2
Q8RXZ8	4
Q8RY09	2
Q8RY11	2
Q8RY15	3
Q8RY22	4
Q8RY25	1
Q8RY79	3
Q8RYE9	1
Q8S2T0	5
Q8S3U9	4
Q8S4F6	1
Q8S4Y1	5
Q8S8L9	5
Q8S8N9	1
Q8S8P4	1
Q8S8S8	1
Q8S8S9	1
Q8S8T4	1
Q8S944	2
Q8S9I4	5
Q8S9J1	1
Q8S9J2	1
Q8S9J6	4
Q8S9J8	5
Q8S9K8	4
Q8S9L5	4
Q8S9M1	1
Q8SAB7	4
Q8VWF1	2
Q8VWF6	3
Q8VWG7	2
Q8VWK4	2
Q8VXV4	3
Q8VXX0	2
Q8VXX3	3
Q8VXX5	2
Q8VXZ0	2
Q8VXZ9	3
Q8VY00	6
Q8VY07	3
Q8VY15	4
Q8VY22	1
Q8VY61	3
Q8VY70	1
Q8VY78	3
Q8VY92	3
Q8VY97	2
Q8VYB2	1
Q8VYB7	4
Q8VYB9	3
Q8VYC9	4
Q8VYF5	1
Q8VYF7	1
Q8VYG0	3
Q8VYG2	1
Q8VYG9	6
Q8VYH6	4
Q8VYI0	3
Q8VYI4	3
Q8VYJ1	2
Q8VYM2	1
Q8VYM4	1
Q8VYM6	3
Q8VYN9	1
Q8VYR5	1
Q8VYS2	2
Q8VYS8	2
Q8VYU7	1
Q8VYU8	1
Q8VYV0	3
Q8VYY8	5
Q8VZ08	5
Q8VZ10	2
Q8VZ13	3
Q8VZ18	1
Q8VZ19	3
Q8VZ49	2
Q8VZ50	3
Q8VZ55	4
Q8VZ57	1
Q8VZ67	3
Q8VZ74	1
Q8VZ80	2
Q8VZ95	2
Q8VZB1	4
Q8VZB9	3
Q8VZC7	1
Q8VZE7	6
Q8VZE9	1
Q8VZF1	2
Q8VZF3	3
Q8VZG1	3
Q8VZG7	4
Q8VZG8	5
Q8VZH1	1
Q8VZH2	6
Q8VZI2	2
Q8VZI8	1
Q8VZI9	3
Q8VZJ5	3
Q8VZJ7	5
Q8VZJ9	3
Q8VZK0	1
Q8VZK2	2
Q8VZK9	1
Q8VZL1	2
Q8VZM1	2
Q8VZM5	1
Q8VZN9	1
Q8VZS8	3
Q8VZT0	2
Q8VZT8	6
Q8VZU2	5
Q8VZU4	1
Q8VZV6	2
Q8VZV9	1
Q8VZW3	1
Q8VZW6	4
Q8W0Y8	1
Q8W0Y9	1
Q8W0Z6	2
Q8W0Z7	7
Q8W103	2
Q8W117	8
Q8W1E4	1
Q8W1X2	4
Q8W206	3
Q8W207	2
Q8W3M6	2
Q8W463	2
Q8W464	3
Q8W465	1
Q8W474	3
Q8W475	1
Q8W486	3
Q8W491	6
Q8W493	2
Q8W494	3
Q8W498	1
Q8W4A0	2
Q8W4A5	4
Q8W4B1	4
Q8W4C1	2
Q8W4D6	3
Q8W4D8	5
Q8W4E1	2
Q8W4E2	8
Q8W4F3	3
Q8W4H8	2
Q8W4I7	3
Q8W4J9	4
Q8W4K2	5
Q8W4K6	1
Q8W4L3	6
Q8W4M5	7
Q8W4N1	1
Q8W4N3	2
Q8W4P1	2
Q8W4P8	1
Q8W4P9	1
Q8W4Q1	1
Q8W4Q4	8
Q8W4S4	6
Q8W575	5
Q8W585	3
Q8W586	2
Q8W593	2
Q8W5R5	1
Q8W5R6	3
Q93V47	2
Q93V56	1
Q93V62	3
Q93V84	1
Q93V93	2
Q93VA8	1
Q93VB0	5
Q93VC7	3
Q93VK7	2
Q93VM9	2
Q93VP9	1
Q93VQ6	2
Q93VR3	4
Q93VS8	5
Q93VT6	3
Q93VT9	2
Q93W02	2
Q93W03	1
Q93W22	4
Q93W28	2
Q93W34	1
Q93W95	3
Q93WD7	2
Q93WG3	2
Q93WI0	3
Q93WJ8	8
Q93WL3	2
Q93WN0	3
Q93WX6	5
Q93XM7	2
Q93XN8	1
Q93XW5	3
Q93XX8	3
Q93XZ7	2
Q93Y06	4
Q93Y16	3
Q93Y22	2
Q93Y25	3
Q93Y35	5
Q93Y39	1
Q93Y40	1
Q93YN1	1
Q93YN9	1
Q93YP9	3
Q93YR3	7
Q93YS4	7
Q93YU5	4
Q93YU6	4
Q93YV2	1
Q93YV7	2
Q93YW0	1
Q93YW5	3
Q93Z10	2
Q93Z16	2
Q93Z18	2
Q93Z25	2
Q93Z30	8
Q93Z53	1
Q93Z70	3
Q93Z72	3
Q93ZB2	1
Q93ZB6	4
Q93ZC9	2
Q93ZE8	1
Q93ZG9	7
Q93ZH3	2
Q93ZH7	4
Q93ZI7	2
Q93ZM0	2
Q93ZM7	4
Q93ZN2	5
Q93ZN4	2
Q93ZN5	2
Q93ZN9	4
Q93ZR1	1
Q93ZR3	3
Q93ZS6	2
Q93ZT6	6
Q93ZV7	3
Q93ZV8	3
Q93ZW3	2
Q93ZX1	1
Q93ZX4	2
Q93ZY6	3
Q940B0	1
Q940B8	1
Q940B9	2
Q940G5	1
Q940H7	3
Q940I2	6
Q940J8	5
Q940P0	4
Q940Q1	1
Q940S3	8
Q940U6	2
Q940U9	3
Q940V1	1
Q940X9	3
Q940Y3	4
Q940Y5	4
Q940Y8	1
Q940Z1	3
Q940Z5	1
Q941A0	3
Q941A4	6
Q941A6	1
Q941D3	3
Q941D5	3
Q941D6	1
Q941L0	4
Q941L3	1
Q941R6	1
Q943Z6	2
Q944A6	2
Q944A7	5
Q944A9	2
Q944C1	1
Q944G5	1
Q944H0	6
Q944K2	3
Q944L8	3
Q944P7	8
Q944Q6	3
Q944S1	2
Q945K7	3
Q945M1	1
Q945N1	5
Q945Q1	3
Q945Q5	3
Q946Y7	1
Q948K8	3
Q949M9	5
Q949P2	2
Q949P3	1
Q949Q5	5
Q949S6	1
Q949S7	2
Q949S9	7
Q949V6	4
Q949W8	6
Q949X9	3
Q949Y3	1
Q94A09	1
Q94A40	3
Q94A41	3
Q94A52	3
Q94A65	3
Q94A68	3
Q94A82	7
Q94A97	1
Q94AA3	5
Q94AC6	1
Q94AC8	2
Q94AD1	2
Q94AF7	4
Q94AG2	3
Q94AG6	2
Q94AH2	1
Q94AH6	3
Q94AH9	1
Q94AI4	3
Q94AI6	3
Q94AI7	4
Q94AI8	2
Q94AJ9	1
Q94AK8	4
Q94AM1	4
Q94AM9	5
Q94AS5	1
Q94AT1	5
Q94AU3	1
Q94AV5	2
Q94AW8	4
Q94AW9	3
Q94AZ2	2
Q94AZ4	3
Q94AZ5	3
Q94B08	1
Q94B35	1
Q94B52	4
Q94B60	3
Q94B74	1
Q94BN1	4
Q94BN2	4
Q94BQ2	3
Q94BQ3	2
Q94BR1	2
Q94BR2	4
Q94BR4	4
Q94BS2	3
Q94BT0	3
Q94BU8	4
Q94BV4	2
Q94BV7	1
Q94BY3	4
Q94BY7	3
Q94BZ6	1
Q94C12	1
Q94C48	3
Q94C53	2
Q94C57	2
Q94C59	5
Q94C60	1
Q94C69	2
Q94CB1	1
Q94CD1	1
Q94CD5	5
Q94CE3	2
Q94CE4	5
Q94CE5	3
Q94CF0	4
Q94CF4	1
Q94CJ5	2
Q94CK1	3
Q94EG6	4
Q94EH8	1
Q94EI3	3
Q94EJ6	1
Q94F00	1
Q94F28	2
Q94F40	2
Q94F49	4
Q94F62	4
Q94FB9	1
Q94FN2	1
Q94IB8	2
Q94II3	1
Q94II5	4
Q94IU8	3
Q94JQ7	2
Q94JS4	2
Q94JU3	5
Q94JV2	1
Q94JW0	1
Q94JX8	2
Q94JX9	5
Q94JY0	3
Q94JY3	4
Q94K05	4
Q94K07	3
Q94K14	7
Q94K30	1
Q94K36	3
Q94K48	4
Q94K71	5
Q94K73	3
Q94K75	1
Q94K85	1
Q94K88	1
Q94K97	2
Q94KD0	3
Q94KD3	3
Q94KE3	2
Q94KI8	1
Q94KJ7	1
Q94KK7	1
Q95747	2
Q95749	3
Q96251	2
Q96252	2
Q96253	3
Q96254	2
Q96255	5
Q96262	9
Q96266	1
Q96283	2
Q96290	2
Q96291	1
Q96293	2
Q96299	7
Q96300	3
Q96303	1
Q96318	2
Q96321	1
Q96327	1
Q96328	1
Q96329	3
Q96514	1
Q96518	1
Q96520	2
Q96522	3
Q96528	2
Q96529	1
Q96533	5
Q9ASP6	1
Q9ASQ5	3
Q9ASR4	6
Q9ASS2	3
Q9ASS4	2
Q9ASS6	1
Q9AST9	2
Q9ASU6	2
Q9ASW5	1
Q9ASW8	2
Q9ASZ4	1
Q9AV97	1
Q9C500	2
Q9C522	2
Q9C524	1
Q9C525	4
Q9C550	1
Q9C551	3
Q9C554	1
Q9C565	1
Q9C566	1
Q9C574	3
Q9C576	1
Q9C580	2
Q9C585	3
Q9C587	3
Q9C5C0	3
Q9C5C2	2
Q9C5C4	6
Q9C5C7	1
Q9C5E5	1
Q9C5E8	4
Q9C5G5	2
Q9C5H4	1
Q9C5H9	2
Q9C5I1	2
Q9C5J3	2
Q9C5K7	1
Q9C5M0	2
Q9C5M7	1
Q9C5R8	1
Q9C5U3	4
Q9C5U8	2
Q9C5X3	2
Q9C5Y0	5
Q9C5Z1	4
Q9C5Z2	2
Q9C5Z3	3
Q9C636	3
Q9C685	2
Q9C698	2
Q9C6B9	5
Q9C6C2	4
Q9C6C3	1
Q9C6D2	5
Q9C6E4	2
Q9C6I8	2
Q9C6K3	1
Q9C6L0	6
Q9C6P3	2
Q9C6T1	1
Q9C6X2	3
Q9C6Z3	1
Q9C712	4
Q9C713	3
Q9C718	1
Q9C723	2
Q9C744	3
Q9C774	7
Q9C787	3
Q9C7A2	3
Q9C7C3	3
Q9C7C4	3
Q9C7E7	3
Q9C7F2	2
Q9C7F7	3
Q9C7G4	1
Q9C7G5	1
Q9C7N2	1
Q9C7N4	5
Q9C7V7	6
Q9C7W1	1
Q9C7W4	2
Q9C7W7	8
Q9C7X5	1
Q9C801	4
Q9C820	1
Q9C821	1
Q9C823	1
Q9C824	1
Q9C826	1
Q9C829	3
Q9C835	1
Q9C865	2
Q9C875	2
Q9C882	3
Q9C891	5
Q9C8C9	1
Q9C8D3	2
Q9C8D8	3
Q9C8E6	5
Q9C8F1	5
Q9C8F7	3
Q9C8G5	5
Q9C8G9	2
Q9C8H3	1
Q9C8I1	1
Q9C8K2	4
Q9C8L4	3
Q9C8L9	1
Q9C8M3	2
Q9C8M9	7
Q9C8P0	3
Q9C8T5	4
Q9C8Y9	3
Q9C8Z4	5
Q9C901	1
Q9C911	3
Q9C920	4
Q9C928	3
Q9C942	3
Q9C944	1
Q9C950	4
Q9C952	1
Q9C958	1
Q9C969	3
Q9C977	2
Q9C998	6
Q9C9B0	2
Q9C9B4	3
Q9C9B5	3
Q9C9B9	1
Q9C9C0	3
Q9C9C4	3
Q9C9C5	1
Q9C9C9	5
Q9C9D0	3
Q9C9G5	2
Q9C9H8	3
Q9C9K3	2
Q9C9L0	1
Q9C9M1	4
Q9C9N6	4
Q9C9P3	3
Q9C9Q4	1
Q9C9U4	3
Q9C9U5	1
Q9C9U9	2
Q9C9V6	1
Q9C9V9	4
Q9C9X0	6
Q9C9Y8	5
Q9C9Z6	2
Q9CA19	1
Q9CA23	3
Q9CA40	2
Q9CA42	1
Q9CA59	5
Q9CA83	2
Q9CA90	4
Q9CAA0	2
Q9CAC1	5
Q9CAD1	6
Q9CAE4	1
Q9CAF4	1
Q9CAF5	1
Q9CAG1	3
Q9CAI3	5
Q9CAK8	4
Q9CAL2	3
Q9CAL3	3
Q9CAP1	1
Q9CAR3	2
Q9CAR7	7
Q9CAT3	3
Q9CAT7	3
Q9CAU9	2
Q9CAW4	3
Q9CAX3	1
Q9CAX7	2
Q9CB01	1
Q9FDW8	1
Q9FDX9	3
Q9FE06	1
Q9FE18	1
Q9FE46	1
Q9FE65	1
Q9FE68	4
Q9FE78	2
Q9FEE2	1
Q9FEF8	3
Q9FEN9	3
Q9FF53	1
Q9FF55	2
Q9FF75	1
Q9FF80	3
Q9FF81	1
Q9FF90	2
Q9FFA5	2
Q9FFC7	3
Q9FFD8	4
Q9FFE0	2
Q9FFE6	6
Q9FFF3	5
Q9FFF8	7
Q9FFH1	1
Q9FFH3	1
Q9FFH8	6
Q9FFI2	2
Q9FFK7	2
Q9FFP6	2
Q9FFQ0	4
Q9FFQ7	1
Q9FFR3	1
Q9FFT4	8
Q9FFT6	5
Q9FFU3	1
Q9FFW8	3
Q9FG01	4
Q9FG23	1
Q9FG36	3
Q9FG37	5
Q9FG67	4
Q9FG71	1
Q9FG73	5
Q9FG81	1
Q9FGB1	7
Q9FGC7	3
Q9FGE4	2
Q9FGF0	8
Q9FGF4	3
Q9FGH3	6
Q9FGH9	2
Q9FGI6	3
Q9FGI9	4
Q9FGK3	5
Q9FGN0	4
Q9FGR0	4
Q9FGT8	3
Q9FGU1	1
Q9FGX1	3
Q9FGY1	1
Q9FGY9	1
Q9FH02	1
Q9FH04	7
Q9FH13	5
Q9FH31	3
Q9FH80	1
Q9FH82	1
Q9FH98	1
Q9FHA3	1
Q9FHD7	2
Q9FHE9	2
Q9FHG3	1
Q9FHI6	1
Q9FHM7	3
Q9FHN8	1
Q9FHR8	4
Q9FHT0	2
Q9FHW7	3
Q9FHX5	3
Q9FHY1	1
Q9FHY8	1
Q9FI15	1
Q9FI36	1
Q9FI39	1
Q9FI40	1
Q9FI47	2
Q9FI53	3
Q9FI56	2
Q9FI78	1
Q9FI80	2
Q9FI94	5
Q9FI97	1
Q9FIA0	3
Q9FIB2	1
Q9FIB6	5
Q9FIC3	2
Q9FID2	4
Q9FID9	4
Q9FIE4	2
Q9FIE8	4
Q9FIH3	2
Q9FIL1	5
Q9FIL3	1
Q9FIM2	1
Q9FIM9	2
Q9FIN7	4
Q9FIQ0	2
Q9FIS4	1
Q9FIU1	1
Q9FIW4	4
Q9FIX1	1
Q9FIZ7	5
Q9FJ41	2
Q9FJ57	1
Q9FJ91	3
Q9FJ95	7
Q9FJD0	1
Q9FJD4	4
Q9FJE8	3
Q9FJH6	2
Q9FJI5	5
Q9FJK8	2
Q9FJN8	3
Q9FJR0	1
Q9FJT8	3
Q9FJW0	4
Q9FJX2	1
Q9FJX3	5
Q9FJY6	1
Q9FJY7	1
Q9FJZ7	2
Q9FJZ9	3
Q9FK25	1
Q9FK59	2
Q9FK60	3
Q9FK68	5
Q9FK91	5
Q9FKA3	4
Q9FKA4	1
Q9FKA5	5
Q9FKC0	3
Q9FKH6	5
Q9FKI4	5
Q9FKK1	1
Q9FKK7	1
Q9FKM4	6
Q9FKN7	3
Q9FKP0	1
Q9FKP4	6
Q9FKP8	3
Q9FKS0	2
Q9FKS8	1
Q9FKT5	2
Q9FKV7	3
Q9FKW4	3
Q9FKW5	3
Q9FKZ4	1
Q9FL12	3
Q9FL13	1
Q9FL72	1
Q9FLD3	3
Q9FLH0	2
Q9FLI4	2
Q9FLM4	1
Q9FLN4	1
Q9FLN9	1
Q9FLP0	4
Q9FLP6	5
Q9FLQ4	2
Q9FLT0	2
Q9FLT2	6
Q9FLW0	2
Q9FLX7	1
Q9FLY5	1
Q9FM01	2
Q9FM04	1
Q9FM19	5
Q9FM47	2
Q9FM54	3
Q9FM65	6
Q9FM71	2
Q9FM77	4
Q9FM97	1
Q9FMA3	1
Q9FMB4	6
Q9FMC7	2
Q9FMD5	2
Q9FMD7	6
Q9FME2	2
Q9FME4	1
Q9FMF3	2
Q9FMF5	2
Q9FMF9	5
Q9FMG0	4
Q9FMI2	1
Q9FMI8	2
Q9FMJ0	1
Q9FML2	1
Q9FML3	1
Q9FMM3	3
Q9FMN0	2
Q9FMP0	4
Q9FMP8	1
Q9FMR9	5
Q9FMS0	3
Q9FMT1	3
Q9FMT4	3
Q9FMV3	1
Q9FMX0	2
Q9FMY5	2
Q9FN02	1
Q9FN08	1
Q9FN19	4
Q9FN33	2
Q9FN41	3
Q9FN42	1
Q9FN50	2
Q9FN89	1
Q9FN91	2
Q9FNA4	2
Q9FNA9	3
Q9FNC4	3
Q9FNC9	1
Q9FND0	2
Q9FND9	3
Q9FNE2	1
Q9FNE4	3
Q9FNF2	1
Q9FNF6	1
Q9FNG6	1
Q9FNH2	3
Q9FNH4	4
Q9FNH6	6
Q9FNI7	1
Q9FNM0	1
Q9FNM5	2
Q9FNN1	2
Q9FNN2	1
Q9FNN5	1
Q9FNP8	1
Q9FNQ1	2
Q9FNR1	1
Q9FNX5	6
Q9FNZ1	1
Q9FPF0	1
Q9FPG2	2
Q9FPH2	2
Q9FPH3	8
Q9FPI0	6
Q9FPJ8	4
Q9FPR3	2
Q9FPS3	1
Q9FPT1	6
Q9FQ03	1
Q9FQ04	2
Q9FQ09	1
Q9FQ24	5
Q9FQ25	1
Q9FR37	1
Q9FR44	7
Q9FRL0	5
Q9FRL3	1
Q9FRL5	1
Q9FRL8	1
Q9FRS7	1
Q9FT52	2
Q9FT53	1
Q9FT77	1
Q9FT93	2
Q9FUP0	3
Q9FUS8	2
Q9FUY2	3
Q9FUZ2	3
Q9FV50	1
Q9FV52	4
Q9FV53	2
Q9FVE6	3
Q9FVJ3	2
Q9FVP6	1
Q9FVQ5	3
Q9FVR1	1
Q9FVR6	1
Q9FVT2	3
Q9FVV7	4
Q9FVW3	1
Q9FVW4	7
Q9FWA4	3
Q9FWR4	5
Q9FWT4	1
Q9FWX7	3
Q9FWY7	2
Q9FX08	2
Q9FX32	3
Q9FX34	2
Q9FX53	3
Q9FX94	4
Q9FX99	2
Q9FXA1	1
Q9FXA2	6
Q9FXB0	2
Q9FXC0	3
Q9FXD4	3
Q9FXH3	1
Q9FXI5	4
Q9FXT6	2
Q9FY48	2
Q9FY49	7
Q9FY50	4
Q9FY54	1
Q9FY61	1
Q9FY64	1
Q9FY99	1
Q9FYB7	6
Q9FYF8	1
Q9FYK3	3
Q9FYR6	5
Q9FZ06	1
Q9FZ42	1
Q9FZ43	7
Q9FZ45	1
Q9FZ47	2
Q9FZ48	1
Q9FZ55	2
Q9FZA2	4
Q9FZB1	1
Q9FZD2	2
Q9FZE1	1
Q9FZG2	6
Q9FZH0	3
Q9FZK4	4
Q9LD43	1
Q9LD55	2
Q9LD57	2
Q9LD90	1
Q9LDA7	6
Q9LDC0	1
Q9LDD8	2
Q9LDI3	2
Q9LDI9	4
Q9LDK9	1
Q9LDY5	1
Q9LDY9	4
Q9LDZ5	1
Q9LE22	3
Q9LE59	2
Q9LE80	3
Q9LE82	6
Q9LER7	2
Q9LEU5	3
Q9LEU8	5
Q9LEU9	1
Q9LEV3	6
Q9LEW8	3
Q9LEX1	6
Q9LEY1	3
Q9LEY9	1
Q9LF02	1
Q9LF14	2
Q9LF21	2
Q9LF27	1
Q9LF30	2
Q9LF33	1
Q9LF37	3
Q9LF41	3
Q9LF46	5
Q9LF68	2
Q9LF79	5
Q9LF88	5
Q9LF97	1
Q9LFA3	5
Q9LFA4	1
Q9LFB2	3
Q9LFB5	1
Q9LFD5	2
Q9LFE0	1
Q9LFE2	1
Q9LFE4	6
Q9LFG2	3
Q9LFG3	2
Q9LFH0	3
Q9LFJ8	4
Q9LFK7	3
Q9LFL2	6
Q9LFL3	3
Q9LFM4	2
Q9LFP1	1
Q9LFT2	1
Q9LFT6	1
Q9LFU0	1
Q9LFU1	6
Q9LFW1	1
Q9LFX3	1
Q9LFX8	2
Q9LH52	2
Q9LH74	2
Q9LH76	2
Q9LHA4	8
Q9LHA7	3
Q9LHA8	3
Q9LHD1	2
Q9LHD9	1
Q9LHE5	1
Q9LHE7	2
Q9LHE9	5
Q9LHF0	4
Q9LHF1	2
Q9LHG8	3
Q9LHG9	4
Q9LHH7	5
Q9LHK9	2
Q9LHL2	3
Q9LHL7	7
Q9LHP2	8
Q9LHQ5	2
Q9LHQ7	1
Q9LHS0	1
Q9LHS5	2
Q9LHT0	1
Q9LI74	1
Q9LI83	1
Q9LIA2	1
Q9LIB2	2
Q9LIB3	3
Q9LID3	2
Q9LIF9	1
Q9LIH5	4
Q9LIH9	4
Q9LII8	1
Q9LIK1	1
Q9LIM9	1
Q9LIN0	2
Q9LIN3	4
Q9LIN4	1
Q9LIQ4	1
Q9LIQ9	1
Q9LIR6	1
Q9LJ66	3
Q9LJ87	2
Q9LJ94	3
Q9LJ98	7
Q9LJB4	1
Q9LJD8	2
Q9LJE2	3
Q9LJE4	3
Q9LJG3	3
Q9LJG8	5
Q9LJH8	1
Q9LJI5	3
Q9LJL3	4
Q9LJL8	1
Q9LJN1	5
Q9LJP2	1
Q9LJP4	1
Q9LJQ6	4
Q9LJR2	5
Q9LJW6	2
Q9LJX0	4
Q9LJX6	1
Q9LK09	1
Q9LK23	7
Q9LK25	1
Q9LK34	1
Q9LK35	3
Q9LK36	7
Q9LK40	3
Q9LK43	3
Q9LK47	7
Q9LK52	6
Q9LK61	3
Q9LK72	5
Q9LK73	4
Q9LK77	3
Q9LK88	2
Q9LK90	1
Q9LK94	1
Q9LK99	2
Q9LKA3	1
Q9LKA5	2
Q9LKB9	3
Q9LKF9	2
Q9LKU3	5
Q9LM33	3
Q9LM66	1
Q9LM76	3
Q9LM78	2
Q9LM88	3
Q9LM92	5
Q9LME4	1
Q9LMF0	1
Q9LMH0	6
Q9LMK7	2
Q9LML3	1
Q9LML6	2
Q9LMM0	1
Q9LMQ2	4
Q9LMR1	1
Q9LMS7	6
Q9LMT2	2
Q9LMU0	2
Q9LN09	1
Q9LN49	2
Q9LN62	2
Q9LNB2	1
Q9LNB6	2
Q9LNC4	5
Q9LNC5	5
Q9LNC6	2
Q9LNE4	2
Q9LNE6	1
Q9LNH6	3
Q9LNJ0	1
Q9LNJ3	4
Q9LNP3	2
Q9LNU4	4
Q9LNV5	3
Q9LP45	5
Q9LP53	5
Q9LP67	3
Q9LP77	6
Q9LPC5	2
Q9LPC6	5
Q9LPC8	1
Q9LPG2	1
Q9LPG6	1
Q9LPK9	1
Q9LPL6	2
Q9LPN5	2
Q9LPT6	2
Q9LPU8	3
Q9LPV8	3
Q9LPW0	1
Q9LPZ1	1
Q9LPZ4	6
Q9LQ04	4
Q9LQ11	1
Q9LQ31	2
Q9LQ55	5
Q9LQ81	5
Q9LQ83	3
Q9LQ96	5
Q9LQF2	3
Q9LQK0	2
Q9LQK7	3
Q9LQP8	1
Q9LQQ3	3
Q9LQR8	7
Q9LQU7	3
Q9LQZ4	2
Q9LR33	2
Q9LR44	5
Q9LR64	2
Q9LR65	3
Q9LR75	1
Q9LRA7	3
Q9LRP1	7
Q9LRP2	2
Q9LRR9	1
Q9LRS0	1
Q9LRT1	3
Q9LRX8	1
Q9LRZ3	7
Q9LS26	6
Q9LS40	2
Q9LS42	2
Q9LS47	1
Q9LS48	2
Q9LS94	1
Q9LS97	3
Q9LSA1	2
Q9LSA3	1
Q9LSC2	1
Q9LSE4	1
Q9LSI8	3
Q9LSI9	3
Q9LSK7	1
Q9LSQ5	3
Q9LSS0	1
Q9LSS4	1
Q9LSS5	5
Q9LSU4	1
Q9LSV0	2
Q9LSW2	5
Q9LSX7	3
Q9LSY5	4
Q9LSY7	1
Q9LSY9	6
Q9LSZ8	1
Q9LSZ9	2
Q9LT08	6
Q9LT22	3
Q9LT31	5
Q9LT39	3
Q9LT75	1
Q9LT78	2
Q9LTB0	3
Q9LTB2	7
Q9LTF2	3
Q9LTH7	1
Q9LTK0	1
Q9LTR9	2
Q9LTS6	2
Q9LTT8	1
Q9LTT9	2
Q9LTU6	3
Q9LTV6	3
Q9LTW4	1
Q9LTW8	4
Q9LTX1	1
Q9LTX2	2
Q9LTX3	1
Q9LTX7	2
Q9LTX9	1
Q9LTY1	3
Q9LU05	2
Q9LU10	2
Q9LU14	1
Q9LU39	2
Q9LU46	4
Q9LU63	2
Q9LU64	1
Q9LU74	4
Q9LU86	4
Q9LU93	1
Q9LUC9	1
Q9LUD4	3
Q9LUG1	2
Q9LUG5	2
Q9LUG8	2
Q9LUI6	1
Q9LUJ5	1
Q9LUJ7	3
Q9LUK6	2
Q9LUL4	6
Q9LUN2	2
Q9LUQ6	3
Q9LUT0	5
Q9LUW0	1
Q9LUW5	2
Q9LUX9	3
Q9LV05	1
Q9LV09	4
Q9LV11	6
Q9LV14	2
Q9LV21	3
Q9LV35	6
Q9LV48	5
Q9LV66	6
Q9LV77	1
Q9LV93	5
Q9LV94	3
Q9LVA0	5
Q9LVA4	4
Q9LVA9	1
Q9LVC5	1
Q9LVD0	3
Q9LVE0	1
Q9LVE6	1
Q9LVH1	1
Q9LVH5	3
Q9LVH6	1
Q9LVI6	6
Q9LVI8	3
Q9LVI9	2
Q9LVK6	1
Q9LVL2	2
Q9LVM2	3
Q9LVM3	2
Q9LVM5	2
Q9LVN2	1
Q9LVQ0	1
Q9LVQ4	2
Q9LVQ8	1
Q9LVR1	3
Q9LVT8	2
Q9LVU1	1
Q9LVU5	2
Q9LVV3	2
Q9LVV5	1
Q9LVW0	2
Q9LVY1	2
Q9LW08	1
Q9LW12	5
Q9LW15	1
Q9LW17	2
Q9LW52	6
Q9LW57	1
Q9LW66	9
Q9LW76	1
Q9LX07	1
Q9LX12	3
Q9LX65	8
Q9LX66	3
Q9LX73	1
Q9LX74	4
Q9LX99	6
Q9LXC9	3
Q9LXG0	6
Q9LXG1	1
Q9LXJ2	2
Q9LXL5	4
Q9LXP4	2
Q9LXQ2	3
Q9LXR8	4
Q9LXS6	1
Q9LXT3	4
Q9LXT5	5
Q9LXT9	1
Q9LXX5	2
Q9LXX7	3
Q9LXZ7	3
Q9LY14	4
Q9LY15	4
Q9LY23	2
Q9LY51	1
Q9LY66	5
Q9LY75	4
Q9LY84	1
Q9LY87	2
Q9LYA9	4
Q9LYB4	2
Q9LYC2	3
Q9LYC7	3
Q9LYE1	2
Q9LYE2	2
Q9LYF0	2
Q9LYF4	1
Q9LYG2	4
Q9LYG3	1
Q9LYG9	3
Q9LYJ2	1
Q9LYK7	2
Q9LYK8	6
Q9LYN2	2
Q9LYR2	2
Q9LYR4	3
Q9LYS5	4
Q9LYU7	1
Q9LYW9	2
Q9LYZ6	1
Q9LZ06	5
Q9LZ08	5
Q9LZ23	2
Q9LZ26	4
Q9LZ41	2
Q9LZ46	1
Q9LZ57	2
Q9LZ65	1
Q9LZ71	4
Q9LZ72	3
Q9LZ82	5
Q9LZ83	1
Q9LZ98	6
Q9LZC3	2
Q9LZD3	1
Q9LZE4	2
Q9LZF1	4
Q9LZF6	1
Q9LZG0	1
Q9LZG7	4
Q9LZH9	1
Q9LZJ2	1
Q9LZJ5	4
Q9LZK5	6
Q9LZQ9	6
Q9LZR5	2
Q9LZS3	3
Q9LZS7	6
Q9LZU5	4
Q9LZX1	2
Q9LZX8	1
Q9LZY2	1
Q9M028	2
Q9M039	1
Q9M042	2
Q9M047	3
Q9M060	1
Q9M084	3
Q9M085	2
Q9M0A0	2
Q9M0A7	3
Q9M0D1	1
Q9M0E0	5
Q9M0E2	1
Q9M0E5	2
Q9M0F9	2
Q9M0I2	4
Q9M0R2	3
Q9M0S5	2
Q9M0V3	3
Q9M0V4	3
Q9M0X9	1
Q9M0Y8	1
Q9M111	3
Q9M156	1
Q9M158	3
Q9M199	1
Q9M1A5	5
Q9M1A8	5
Q9M1B9	3
Q9M1D0	2
Q9M1E7	2
Q9M1G4	1
Q9M1G8	3
Q9M1H3	2
Q9M1J7	1
Q9M1J8	6
Q9M1P5	1
Q9M1Q0	7
Q9M1Q9	3
Q9M1R1	3
Q9M1S4	4
Q9M1W4	2
Q9M1X0	6
Q9M1Y7	1
Q9M1Z4	1
Q9M209	4
Q9M223	3
Q9M236	2
Q9M267	5
Q9M277	2
Q9M287	2
Q9M291	1
Q9M2B4	1
Q9M2D8	9
Q9M2E0	2
Q9M2E2	4
Q9M2G1	1
Q9M2K5	2
Q9M2L4	1
Q9M2N5	4
Q9M2P9	2
Q9M2S7	1
Q9M2V1	1
Q9M2Z4	1
Q9M303	1
Q9M304	1
Q9M337	2
Q9M338	1
Q9M345	4
Q9M353	3
Q9M356	3
Q9M385	4
Q9M390	3
Q9M394	1
Q9M3B9	3
Q9M3C6	2
Q9M4B5	4
Q9M4T3	3
Q9M591	2
Q9M5J8	1
Q9M5J9	1
Q9M5K2	2
Q9M5K3	3
Q9M5P2	5
Q9M651	1
Q9M667	5
Q9M7Q7	3
Q9M7T0	1
Q9M7X7	2
Q9M7X9	3
Q9M7Z1	4
Q9M817	1
Q9M837	1
Q9M840	2
Q9M876	1
Q9M879	2
Q9M888	7
Q9M892	2
Q9M895	3
Q9M8D3	3
Q9M8L4	3
Q9M8R4	5
Q9M8R7	1
Q9M8R9	2
Q9M8S8	5
Q9M8T0	5
Q9M8T5	2
Q9M8T6	2
Q9M8U1	1
Q9M8X9	1
Q9M8Z5	4
Q9M8Z7	5
Q9M903	2
Q9M9C5	1
Q9M9E0	4
Q9M9F9	1
Q9M9H6	6
Q9M9K1	7
Q9M9M3	2
Q9M9M4	1
Q9M9M9	1
Q9M9N1	1
Q9M9P3	4
Q9M9W1	1
Q9M9W5	7
Q9MA15	3
Q9MA55	2
Q9MA75	4
Q9MA79	1
Q9MA92	2
Q9MA96	3
Q9MAB2	3
Q9MAB3	1
Q9MAB4	1
Q9MAC6	3
Q9MAG2	2
Q9MAH0	6
Q9MAK9	4
Q9MAQ0	2
Q9MAQ7	2
Q9MAR2	3
Q9MAT0	3
Q9MAT3	7
Q9MAT5	3
Q9MAU3	1
Q9MAX3	1
Q9MB58	4
Q9MBA1	5
Q9MBA2	1
Q9MBH2	2
Q9S709	2
Q9S713	3
Q9S714	3
Q9S726	2
Q9S746	4
Q9S752	1
Q9S756	1
Q9S757	5
Q9S762	1
Q9S775	1
Q9S791	2
Q9S795	4
Q9S799	3
Q9S7B5	1
Q9S7C0	5
Q9S7E4	5
Q9S7E6	6
Q9S7E9	4
Q9S7H1	4
Q9S7I0	4
Q9S7J7	2
Q9S7M0	4
Q9S7N7	5
Q9S7N9	1
Q9S7P8	1
Q9S7W1	1
Q9S7W4	1
Q9S7Y7	1
Q9S7Z3	2
Q9S7Z8	6
Q9S814	1
Q9S818	3
Q9S825	2
Q9S826	5
Q9S829	1
Q9S831	3
Q9S834	2
Q9S841	3
Q9S9M7	3
Q9S9N6	2
Q9S9N9	1
Q9S9P0	3
Q9S9P1	1
Q9S9P6	4
Q9S9Q9	3
Q9S9V0	3
Q9S9W2	5
Q9SA14	1
Q9SA18	1
Q9SA23	1
Q9SA34	7
Q9SA52	5
Q9SA55	3
Q9SA78	2
Q9SAA2	2
Q9SAB1	6
Q9SAC6	3
Q9SAD7	3
Q9SAE3	1
Q9SAF2	3
Q9SAF5	4
Q9SAF6	1
Q9SAG7	2
Q9SAH9	1
Q9SAI5	4
Q9SAJ3	1
Q9SAJ4	8
Q9SAL0	5
Q9SAR5	8
Q9SAU2	2
Q9SB31	1
Q9SB42	2
Q9SB48	1
Q9SB50	2
Q9SB63	2
Q9SB64	1
Q9SB81	4
Q9SB89	4
Q9SBA5	7
Q9SBJ1	2
Q9SCJ9	2
Q9SCK3	2
Q9SCK9	1
Q9SCL7	1
Q9SCM3	2
Q9SCP9	1
Q9SCQ2	3
Q9SCS3	1
Q9SCT4	2
Q9SCU1	1
Q9SCV4	1
Q9SCV8	2
Q9SCW1	6
Q9SCX3	7
Q9SCX9	1
Q9SCY3	1
Q9SCZ4	6
Q9SD44	1
Q9SD61	3
Q9SD73	4
Q9SD76	4
Q9SDA2	5
Q9SDM9	1
Q9SDS7	8
Q9SDY5	1
Q9SE33	8
Q9SE37	1
Q9SE50	2
Q9SE60	7
Q9SE83	3
Q9SE96	1
Q9SEE5	4
Q9SEE9	3
Q9SEH3	4
Q9SEI2	4
Q9SEI3	1
Q9SEI4	4
Q9SEL6	2
Q9SEU8	1
Q9SEX2	1
Q9SF16	4
Q9SF29	6
Q9SF32	1
Q9SF36	1
Q9SF85	1
Q9SFC6	2
Q9SFF6	2
Q9SFH9	3
Q9SFU1	3
Q9SFU6	4
Q9SFU7	5
Q9SFV2	6
Q9SFV3	3
Q9SFX2	3
Q9SFX3	4
Q9SG12	1
Q9SGA6	2
Q9SGC1	4
Q9SGE0	7
Q9SGE9	4
Q9SGH4	1
Q9SGH6	5
Q9SGI2	3
Q9SGJ0	1
Q9SGP2	2
Q9SGR6	2
Q9SGS4	3
Q9SGT7	3
Q9SGU9	1
Q9SGW3	4
Q9SGW5	3
Q9SGW6	2
Q9SGY2	1
Q9SH59	2
Q9SH87	2
Q9SH88	2
Q9SHB0	1
Q9SHC8	2
Q9SHE8	2
Q9SHF3	1
Q9SHG8	4
Q9SHH6	1
Q9SHI0	3
Q9SHI1	1
Q9SHJ6	6
Q9SHJ8	1
Q9SHL7	2
Q9SHS2	2
Q9SHZ5	2
Q9SI20	7
Q9SI54	1
Q9SI58	1
Q9SI85	4
Q9SIB2	1
Q9SIB6	2
Q9SIB9	3
Q9SID0	2
Q9SIE1	1
Q9SIE7	1
Q9SIF2	2
Q9SIF5	1
Q9SIH1	3
Q9SII9	3
Q9SIK2	2
Q9SIL6	1
Q9SIM4	2
Q9SIP0	2
Q9SIP1	5
Q9SIR5	3
Q9SIS3	1
Q9SIT1	3
Q9SIU0	3
Q9SIU2	3
Q9SIU8	4
Q9SIV2	4
Q9SIV5	1
Q9SIX1	1
Q9SIY3	1
Q9SIZ2	2
Q9SJ12	5
Q9SJ40	4
Q9SJ62	4
Q9SJ66	3
Q9SJ81	3
Q9SJA6	3
Q9SJB3	1
Q9SJB9	1
Q9SJD4	2
Q9SJE1	1
Q9SJF0	1
Q9SJF1	2
Q9SJH7	2
Q9SJI7	6
Q9SJL2	1
Q9SJL8	5
Q9SJM0	4
Q9SJM7	3
Q9SJQ0	3
Q9SJQ9	1
Q9SJR4	2
Q9SJT1	5
Q9SJT4	4
Q9SJT7	7
Q9SJV2	8
Q9SJW3	4
Q9SK09	1
Q9SK39	1
Q9SK46	1
Q9SK50	2
Q9SK63	1
Q9SK69	2
Q9SK74	3
Q9SK82	4
Q9SK84	1
Q9SK86	5
Q9SK87	5
Q9SKA3	1
Q9SKA5	3
Q9SKB8	1
Q9SKC1	4
Q9SKC5	4
Q9SKI0	3
Q9SKI2	2
Q9SKK4	2
Q9SKN1	3
Q9SKP0	4
Q9SKP6	3
Q9SKR2	6
Q9SKS7	1
Q9SKT0	6
Q9SKX2	1
Q9SKY8	1
Q9SKZ1	3
Q9SL02	1
Q9SL03	2
Q9SL05	1
Q9SL15	1
Q9SL48	1
Q9SL67	4
Q9SL76	4
Q9SL79	2
Q9SL80	2
Q9SL91	4
Q9SL96	3
Q9SLA0	1
Q9SLA8	2
Q9SLC7	1
Q9SLE0	1
Q9SLJ2	1
Q9SLK0	2
Q9SLK2	3
Q9SLM4	1
Q9SLN1	1
Q9SLN5	2
Q9SLV3	3
Q9SM02	1
Q9SM23	1
Q9SMM5	2
Q9SMM7	8
Q9SMM8	3
Q9SMN0	9
Q9SMQ6	2
Q9SMR5	1
Q9SMR7	2
Q9SMT7	8
Q9SMU7	2
Q9SMV6	3
Q9SMW7	3
Q9SMY7	1
Q9SMZ4	3
Q9SN19	1
Q9SN26	3
Q9SN58	5
Q9SN73	6
Q9SN77	2
Q9SN95	1
Q9SNB5	1
Q9SNE0	1
Q9SNY3	7
Q9SP02	3
Q9SP08	3
Q9SPE5	2
Q9SPE6	5
Q9SPK5	7
Q9SQH9	2
Q9SQI8	2
Q9SQR2	1
Q9SQR4	2
Q9SQT5	1
Q9SQT8	1
Q9SQU4	1
Q9SQU6	2
Q9SQZ1	3
Q9SQZ9	4
Q9SR00	1
Q9SR06	1
Q9SR13	1
Q9SR15	1
Q9SR19	1
Q9SR33	2
Q9SR37	3
Q9SR52	2
Q9SR59	1
Q9SR62	1
Q9SR67	1
Q9SR73	4
Q9SR77	3
Q9SR91	1
Q9SR93	2
Q9SR96	2
Q9SRD4	2
Q9SRG3	2
Q9SRH5	4
Q9SRH6	7
Q9SRM4	3
Q9SRQ6	2
Q9SRR8	1
Q9SRS5	2
Q9SRT8	2
Q9SRU2	5
Q9SRU7	2
Q9SRV5	3
Q9SRY4	2
Q9SRY5	3
Q9SRZ3	3
Q9SRZ4	1
Q9SRZ6	8
Q9SS17	1
Q9SS37	1
Q9SS44	1
Q9SS89	1
Q9SS98	1
Q9SSA4	1
Q9SSA5	2
Q9SSB5	4
Q9SSD2	4
Q9SSF8	1
Q9SSJ8	2
Q9SSK1	2
Q9SSK5	5
Q9SSK7	7
Q9SSK9	7
Q9SSL9	4
Q9SSM4	4
Q9SSN3	1
Q9SSQ9	1
Q9SSS9	3
Q9STE8	2
Q9STF2	3
Q9STG9	3
Q9STH2	3
Q9STI0	1
Q9STL5	1
Q9STL8	3
Q9STN3	3
Q9STS1	2
Q9STT2	1
Q9STT3	3
Q9STT5	3
Q9STT8	1
Q9STU3	1
Q9STV4	5
Q9STW5	3
Q9STW6	1
Q9STX2	4
Q9STX5	1
Q9SU13	1
Q9SU25	2
Q9SU40	5
Q9SU58	1
Q9SU63	1
Q9SU78	2
Q9SU83	3
Q9SU93	3
Q9SUA1	2
Q9SUB2	2
Q9SUC0	2
Q9SUE9	4
Q9SUI4	2
Q9SUI5	4
Q9SUJ1	1
Q9SUM2	1
Q9SUN5	1
Q9SUP5	3
Q9SUQ8	2
Q9SUQ9	1
Q9SUR0	6
Q9SUR3	5
Q9SUR6	1
Q9SUR9	1
Q9SUT5	4
Q9SUU5	1
Q9SUW2	1
Q9SV00	7
Q9SV20	1
Q9SV21	1
Q9SV28	6
Q9SV68	1
Q9SV71	1
Q9SVA6	4
Q9SVC2	2
Q9SVD1	4
Q9SVD7	3
Q9SVI9	2
Q9SVM8	5
Q9SVM9	1
Q9SVN5	5
Q9SVP6	4
Q9SVQ9	3
Q9SVT5	4
Q9SVW8	5
Q9SVY0	5
Q9SW18	3
Q9SW21	3
Q9SW43	3
Q9SW96	5
Q9SWG3	1
Q9SX22	1
Q9SX33	1
Q9SX52	2
Q9SX68	3
Q9SX77	2
Q9SX79	1
Q9SX85	5
Q9SXA1	2
Q9SXE9	2
Q9SXJ6	3
Q9SXP7	2
Q9SXS2	2
Q9SXS7	2
Q9SY09	3
Q9SY56	1
Q9SY59	1
Q9SY73	1
Q9SY88	5
Q9SYA9	2
Q9SYB4	2
Q9SYD8	5
Q9SYG2	5
Q9SYG4	2
Q9SYG5	3
Q9SYG7	8
Q9SYI0	1
Q9SYL7	2
Q9SYL9	3
Q9SYM1	3
Q9SYM4	3
Q9SYM5	1
Q9SYP1	3
Q9SYP2	2
Q9SYQ8	1
Q9SYS3	3
Q9SYT0	2
Q9SYW8	3
Q9SYX1	1
Q9SZ30	3
Q9SZ83	8
Q9SZ91	3
Q9SZB2	1
Q9SZB3	3
Q9SZB7	1
Q9SZC9	1
Q9SZD4	1
Q9SZD6	2
Q9SZE1	2
Q9SZI2	5
Q9SZI4	4
Q9SZJ5	2
Q9SZN1	9
Q9SZN7	3
Q9SZP6	5
Q9SZP8	1
Q9SZQ5	2
Q9SZR1	6
Q9SZU1	1
Q9SZU7	1
Q9SZV3	4
Q9SZW3	3
Q9SZX3	2
Q9SZY1	7
Q9T003	1
Q9T024	6
Q9T029	1
Q9T034	3
Q9T041	1
Q9T042	2
Q9T053	1
Q9T074	6
Q9T080	2
Q9T0A0	6
Q9T0A4	4
Q9T0A7	3
Q9T0D0	3
Q9T0H1	3
Q9T0H9	2
Q9T0I5	2
Q9T0I8	2
Q9T0I9	3
Q9T0J6	2
Q9XEA1	3
Q9XEC4	1
Q9XEE2	6
Q9XES1	3
Q9XEX2	8
Q9XF19	4
Q9XF43	3
Q9XF57	1
Q9XF67	6
Q9XF88	3
Q9XF89	1
Q9XF91	3
Q9XFD1	3
Q9XFH8	3
Q9XFM6	9
Q9XFS7	3
Q9XFS9	1
Q9XFT3	4
Q9XGM1	9
Q9XGM2	3
Q9XGR4	1
Q9XGX9	2
Q9XGY4	5
Q9XH48	1
Q9XHZ8	7
Q9XI01	4
Q9XI05	3
Q9XI07	2
Q9XI19	3
Q9XI32	1
Q9XI36	4
Q9XI42	4
Q9XI55	1
Q9XI87	1
Q9XI93	5
Q9XI98	1
Q9XIA6	3
Q9XIA9	3
Q9XIE2	5
Q9XIF2	1
Q9XIJ0	1
Q9XIK0	1
Q9XIK4	2
Q9XIP8	6
Q9XIQ1	1
Q9XIW1	3
Q9XJ27	5
Q9XJ35	2
Q9XQC7	3
Q9ZNS2	1
Q9ZNT0	1
Q9ZNT1	5
Q9ZNT7	1
Q9ZNU3	5
Q9ZNV4	2
Q9ZNW0	4
Q9ZNZ7	3
Q9ZP06	1
Q9ZPF5	3
Q9ZPH2	4
Q9ZPI1	4
Q9ZPI5	3
Q9ZPI6	1
Q9ZPS3	2
Q9ZPS4	2
Q9ZPV5	1
Q9ZPW9	1
Q9ZPY7	5
Q9ZQ18	1
Q9ZQ24	2
Q9ZQ26	1
Q9ZQ47	2
Q9ZQ78	2
Q9ZQ80	3
Q9ZQ87	2
Q9ZQ94	1
Q9ZQC5	3
Q9ZQG4	1
Q9ZQP2	2
Q9ZQQ0	2
Q9ZQR4	2
Q9ZQX4	6
Q9ZR03	2
Q9ZR12	3
Q9ZR72	2
Q9ZRD6	3
Q9ZRE2	1
Q9ZRW8	5
Q9ZRZ8	7
Q9ZS97	4
Q9ZSA2	10
Q9ZSA4	2
Q9ZSD4	4
Q9ZSI6	2
Q9ZSJ6	2
Q9ZSK1	1
Q9ZSK3	2
Q9ZSK4	1
Q9ZSP5	1
Q9ZSR7	2
Q9ZSS6	1
Q9ZSY2	4
Q9ZSZ8	3
Q9ZT71	1
Q9ZT82	5
Q9ZT87	1
Q9ZT91	2
Q9ZT96	1
Q9ZTW3	2
Q9ZTZ7	2
Q9ZU25	3
Q9ZU38	1
Q9ZU48	2
Q9ZU66	2
Q9ZU72	4
Q9ZU92	1
Q9ZUA0	1
Q9ZUA3	3
Q9ZUB3	8
Q9ZUB7	2
Q9ZUC1	2
Q9ZUG4	4
Q9ZUI4	5
Q9ZUI6	2
Q9ZUL3	4
Q9ZUL7	3
Q9ZUM0	4
Q9ZUM1	1
Q9ZUN4	1
Q9ZUN8	1
Q9ZUP3	4
Q9ZUT9	2
Q9ZUU3	3
Q9ZUU4	3
Q9ZUX0	2
Q9ZUX4	1
Q9ZUY6	7
Q9ZUZ2	2
Q9ZV07	3
Q9ZV45	5
Q9ZV48	1
Q9ZV56	9
Q9ZV69	1
Q9ZVA1	4
Q9ZVA2	4
Q9ZVA4	1
Q9ZVA7	5
Q9ZVD0	1
Q9ZVD1	3
Q9ZVD5	5
Q9ZVF2	4
Q9ZVF3	2
Q9ZVF6	8
Q9ZVH4	3
Q9ZVH7	3
Q9ZVH8	3
Q9ZVJ3	1
Q9ZVJ4	2
Q9ZVJ5	3
Q9ZVJ6	1
Q9ZVL0	2
Q9ZVL6	5
Q9ZVM9	3
Q9ZVN2	1
Q9ZVQ3	2
Q9ZVS4	1
Q9ZVS5	2
Q9ZVT6	2
Q9ZVT7	3
Q9ZVU5	3
Q9ZVW2	5
Q9ZVX0	4
Q9ZVX1	2
Q9ZVX7	5
Q9ZVY7	5
Q9ZW30	3
Q9ZW34	6
Q9ZW35	5
Q9ZW82	1
Q9ZW84	2
Q9ZW85	3
Q9ZWB3	1
Q9ZWC4	3
Q9ZWJ3	5
Q9ZWT1	1
Q9ZWT2	3
TubbyC	1
X5JA13	1
