Index	Gene	Protein	Protein ID	Peptide	Best Localization Probability	At_XVE_GFP_suc_24h_1 Localization Probability	At_XVE_GFP_suc_24h_2 Localization Probability	At_XVE_GFP_suc_24h_3 Localization Probability	At_XVE_GFP_suc_4h_1 Localization Probability	At_XVE_GFP_suc_4h_2 Localization Probability	At_XVE_GFP_suc_4h_3 Localization Probability	At_XVE_LST8_suc_24h_1 Localization Probability	At_XVE_LST8_suc_24h_2 Localization Probability	At_XVE_LST8_suc_24h_3 Localization Probability	At_XVE_LST8_suc_4h_1 Localization Probability	At_XVE_LST8_suc_4h_2 Localization Probability	At_XVE_LST8_suc_4h_3 Localization Probability	At_XVE_RAPTOR_suc_24h_1 Localization Probability	At_XVE_RAPTOR_suc_24h_2 Localization Probability	At_XVE_RAPTOR_suc_24h_3 Localization Probability	At_XVE_RAPTOR_suc_4h_1 Localization Probability	At_XVE_RAPTOR_suc_4h_2 Localization Probability	At_XVE_RAPTOR_suc_4h_3 Localization Probability	At_XVE_GFP_suc_24h_1 Intensity	At_XVE_GFP_suc_24h_2 Intensity	At_XVE_GFP_suc_24h_3 Intensity	At_XVE_GFP_suc_4h_1 Intensity	At_XVE_GFP_suc_4h_2 Intensity	At_XVE_GFP_suc_4h_3 Intensity	At_XVE_LST8_suc_24h_1 Intensity	At_XVE_LST8_suc_24h_2 Intensity	At_XVE_LST8_suc_24h_3 Intensity	At_XVE_LST8_suc_4h_1 Intensity	At_XVE_LST8_suc_4h_2 Intensity	At_XVE_LST8_suc_4h_3 Intensity	At_XVE_RAPTOR_suc_24h_1 Intensity	At_XVE_RAPTOR_suc_24h_2 Intensity	At_XVE_RAPTOR_suc_24h_3 Intensity	At_XVE_RAPTOR_suc_4h_1 Intensity	At_XVE_RAPTOR_suc_4h_2 Intensity	At_XVE_RAPTOR_suc_4h_3 Intensity	At_XVE_GFP_suc_24h_1 MaxLFQ Intensity	At_XVE_GFP_suc_24h_2 MaxLFQ Intensity	At_XVE_GFP_suc_24h_3 MaxLFQ Intensity	At_XVE_GFP_suc_4h_1 MaxLFQ Intensity	At_XVE_GFP_suc_4h_2 MaxLFQ Intensity	At_XVE_GFP_suc_4h_3 MaxLFQ Intensity	At_XVE_LST8_suc_24h_1 MaxLFQ Intensity	At_XVE_LST8_suc_24h_2 MaxLFQ Intensity	At_XVE_LST8_suc_24h_3 MaxLFQ Intensity	At_XVE_LST8_suc_4h_1 MaxLFQ Intensity	At_XVE_LST8_suc_4h_2 MaxLFQ Intensity	At_XVE_LST8_suc_4h_3 MaxLFQ Intensity	At_XVE_RAPTOR_suc_24h_1 MaxLFQ Intensity	At_XVE_RAPTOR_suc_24h_2 MaxLFQ Intensity	At_XVE_RAPTOR_suc_24h_3 MaxLFQ Intensity	At_XVE_RAPTOR_suc_4h_1 MaxLFQ Intensity	At_XVE_RAPTOR_suc_4h_2 MaxLFQ Intensity	At_XVE_RAPTOR_suc_4h_3 MaxLFQ Intensity
F4I0K2_S131	FLN2	sp|F4I0K2|SCKL2_ARATH	F4I0K2	AAAASsDVEEVKTEK	0.9723	0.965	0	0	0	0	0	0.9723	0	0	0	0	0	0.9445	0	0	0	0	0	26634.69	0	0	0	0	0	29218.133	14433.457	17179.01	26068.229	0	0	24134.178	16466.871	22541.824	0	0	0	-0.7128062073021955	-5.325027831951787	-5.250803082376983	-5.210452485648363	-5.381959429613984	-5.243218310041963	-0.8482559079962453	-1.9068045051990854	-1.1860092480515867	-0.7325003757510817	-5.239371749874637	-5.293411542489249	-1.3190575905097344	-1.7769710687130882	-1.2119958239906907	-5.292006137271725	-5.29289714443718	-5.309176435934721
F4I893_S1887	ILA	sp|F4I893|ILA_ARATH	F4I893	ALLEGGsDDEGASTEAQGR	0.9477	0	0	0	0	0	0	0	0.9477	0	0	0	0	0	0	0	0	0	0	0	0	0	0	0	0	0	50807.03	0	0	0	0	0	0	0	0	0	0	-5.288534179470194	-5.3145938667255015	-5.303487239214416	-5.261451603618703	-5.216699841533978	-5.270188819202055	-5.290225019772849	-5.310234315314007	-5.306533128495963	-5.143882785558049	-5.257970133474915	-5.289208839317063	-5.286701938100178	-5.241695072432224	-5.29936055682939	-5.33708479000184	-5.23593675843748	-5.315857330630711
F4JTP5_T443	STY46	sp|F4JTP5|STY46_ARATH	F4JTP5	AQTGVMtAETGTYR	0.9708	0	0.9462	0	0.9708	0	0	0.9551	0.9471	0	0.94	0.9495	0	0	0	0	0	0	0.9506	0	122073.11	0	4762.6226	0	0	41485.85	36385.695	0	18707.24	26519.055	0	0	0	0	0	0	59928.633	-5.265431459500725	0.581746089014235	-5.311471974540936	-2.321528952394452	-5.2095596671725035	-5.288454198425969	-0.34250055706459825	-0.5728500228123554	-0.6014925239529731	-1.211196225272948	-1.1622374537436606	-1.2717560365365954	-5.300146546358142	-5.2897374475122545	-5.3461292179364515	-5.323055507587226	-5.37367652692995	-0.49132847303672733
F4K0C4_S519	TRS130	sp|F4K0C4|TR130_ARATH	F4K0C4	TNsSPGNFESPLDRPMR	0.9456	0	0	0	0	0	0	0	0	0	0	0	0	0	0	0	0	0	0.9456	0	0	0	0	0	0	0	0	0	0	0	0	0	0	0	0	0	105846.05	-5.331724204087518	-5.279389237420702	-5.2879694215028215	-5.192199731218159	-5.318106680666245	-5.307442776169392	-5.278705694580389	-5.3143915482973	-5.313100260376118	-5.320040454114604	-5.327273838764463	-5.2908659504318845	-5.289517042345851	-5.354976107322614	-5.293778340716983	-5.320119025703855	-5.315422644957117	-5.2727900206603575
F4KGQ0_T256	FBA4	sp|F4KGQ0|ALFC4_ARATH	F4KGQ0	ALSDHHVILEGtLLKPNM;ALSDHHVILEGtLLKPNMV	0.9775	0.9775	0	0	0	0.9733	0	0	0	0	0	0	0	0	0	0	0	0	0	3097.559	0	0	0	0	0	0	0	0	0	0	0	0	0	0	0	0	0	-5.236521753532791	-5.1822836708417634	-5.303342215679701	-5.184379063039652	-5.322564971867237	-5.231845121265876	-5.137224990946623	-5.266412563972708	-5.2981562234656145	-5.265054782268065	-5.175820322075345	-5.321604931320062	-5.196283185511353	-5.198196304943398	-5.247850904622325	-5.264329902560418	-5.287447981390588	-5.283000741126213
FLAG-PUP_Y3	NA	FLAG-PUP	FLAG-PUP	DyKDDDDKNAK;MDyKDDDDKNAK	1	1	1	1	0	0	0	0	0	0	1	1	0	0	0	0	0	0	0	229374.1	237650.22	234675.56	0	88338.375	98658.34	138853.34	150737.03	138672.77	65680.52	63483.29	66191.91	0	0	0	8138.6055	4436.1245	6834.0635	0.7226265057351977	-0.13398303353605812	0.9376268447083849	0.7424907752993668	0.7815692371572283	0.9172821080530813	0.2960648240968169	0.45938505671156626	0.7308327970378468	0.023972708119659458	-0.6444440572932812	0.2871996898096789	-5.232260216107359	-5.1611610014159695	-5.272344465105864	-2.254560844541315	-2.98136768445908	-2.6844964372889173
O03042_Y269	rbcL	sp|O03042|RBL_ARATH	O03042	IVMHDyLTGGFTANTSLSHYCR	0.972	0	0	0	0	0	0	0	0	0	0.9652	0.972	0	0	0	0	0	0.9425	0	0	0	0	0	0	0	0	0	0	3416.0583	0	0	0	0	0	0	0	0	-5.334209591817591	-5.300853633338024	-5.2517614563741235	-5.280527500230576	-5.273564042365731	-5.273174248325243	-5.333289638776351	-5.273363903003218	-5.222162931626422	-5.229794108899104	-5.237174676927961	-5.284811143254897	-5.27425423300644	-5.324400938462642	-5.267332485419683	-5.2519147444327245	-5.179376344120513	-5.214598881864344
O23052_S567	At1g05150	sp|O23052|Y1515_ARATH	O23052	DNDVPVSYsGSGGPTK	0.94	0	0	0	0	0	0	0.9361	0	0	0.94	0	0.4847	0.8831	0.9259	0.9334	0.9341	0.9058	0.9399	0	0	0	0	0	0	87631.06	0	0	40809.668	0	14200.886	109952.08	93166.5	66420.72	49392.527	37212.484	112761.61	-5.28945371663259	-5.246897029632529	-5.321404946659209	-5.220764363134902	-5.21602870681371	-5.158618689213733	0.7363224072944643	-5.243948367763767	-5.288410468158984	-0.08588197558223953	-1.1075345752486436	-1.0547948335701367	0.8686677107395759	0.7232737844233217	0.3470332800212699	-0.5923834747051426	-0.8522148192517225	0.4206301379485069
O23404_T543	PPDK	sp|O23404|PPDK1_ARATH	O23404	GGMtSHAAVVAR	0.9609	0	0.6298	0.8028	0.9609	0	0	0.9159	0	0	0.9014	0.9117	0	0	0.9345	0.5211	0.5411	0	0.9441	33501.637	146666.81	67290.83	54166.68	39476.273	35251.39	70990.58	21433.668	21831.652	55766.227	108148.72	32088.043	18815.863	71265.8	37939.234	50617.695	15511.855	77938.22	0.12089016286566512	-0.5612162868436137	-0.12423047096194395	0.6173133218526736	0.8115786847456246	0.6715157703063017	-0.2825638799469825	-0.83357134681183	-0.3374635892400928	-0.49252521935531135	-0.5763055594920203	0.6240312831417079	-1.1754145597328716	-0.9636201573226408	-1.2576412957561658	-1.427926080701651	-1.6118589636661884	-1.3085887599931265
O48549_S240	RPS6A	sp|O48549|RS61_ARATH	O48549	SRLsSAAAKPS	0.9654	0.7887	0.9311	0.947	0	0	0	0.9354	0.9118	0.7655	0.9149	0	0	0.8901	0.9654	0.9436	0	0	0.8667	70283.11	228313.03	48222.066	0	0	0	113459.75	57658.027	33113.547	38467.703	0	28852.951	65506.375	174772.55	28001.95	19715.416	19713.023	50794.918	0.6870653346133491	1.4850138450546204	0.1686574489984416	-5.261374869797293	-5.2897984336022095	-5.305974473838983	1.10898878236212	0.09130007952183128	-0.2392345914815195	-0.17114526404920838	-0.1797025272516688	-0.032056895260396345	0.12150003425285405	1.6308691940327815	-0.899072784628812	-1.917352103897759	-1.7688524841983888	-0.729889775300613
O48549_S247	RPS6A	sp|O48549|RS61_ARATH	O48549	LSSAAAKPsVTA	0.9309	0.4899	0.4891	0.9309	0	0	0	0.4901	0.4745	0	0.4877	0.9063	0	0	0.9088	0	0.9038	0	0.9176	45346.44	117688.12	43102.418	0	0	0	94887.86	93281.57	0	41503.523	65416.312	0	0	55259.426	0	102964.29	0	85103.195	0.054876597118298065	0.5289693426379678	0.0067327919397115465	-5.256325080494867	-5.3094877757947545	-5.256265275099729	0.8511036171513826	0.7853706798264444	0.7461021458351221	-0.06155914552678787	0.1403836063256474	-0.06463710280312726	-5.246926131431773	-0.030316935535475764	-5.267279800326073	0.4673959087241002	0.01390738891888823	0.014639356756724453
O48549_T249	RPS6A	sp|O48549|RS61_ARATH	O48549	LSSAAAKPSVtA	0.8664	0	0	0	0	0	0	0	0	0	0	0	0	0	0	0.8664	0	0	0.638	0	0	0	0	0	0	0	56109.996	0	0	0	0	0	50330.273	76322.84	0	0	91609.16	-5.274471275418329	-5.297128032062805	-5.3201629060524525	-5.222210834349763	-5.263556418178715	-5.223117513617175	-5.326888937049728	0.05203641938569703	-5.2562232237942075	-5.2310162291351325	-5.265988363304943	-5.274244152910318	-0.1733666431127408	-0.16511108867880075	0.547514773832189	-5.30376987681751	-5.161766445094342	0.12091792183800365
O48963_S350	PHOT1	sp|O48963|PHOT1_ARATH	O48963	ALsESTNLHPFMTK	0.9421	0	0	0	0	0	0	0.8179	0.9421	0	0.9395	0	0	0	0.9022	0.9019	0.9276	0	0.936	0	0	0	0	0	0	92055.85	54566.84	0	56078.926	0	0	0	52440.242	31298.262	103923.76	0	150904.11	-5.227149471824725	-5.173464129363602	-5.260671562427917	-5.296245009430835	-5.3403389504842025	-5.2964795360367685	0.8073895026384026	0.011803108178373378	0.01121295276945471	0.37266577029472536	-5.253359467857658	-5.2139900271092285	-0.7754434123011513	-0.10586316866893597	-0.7385175355249061	0.4807773730936411	0.456738504438959	0.8409862555211838
O49006_S169	PME3	sp|O49006|PME3_ARATH	O49006	LIsSAITNQETCLDGFSHDDADKQVR	0.8857	0	0	0.4741	0	0	0	0	0	0	0	0	0.8857	0	0	0	0	0	0.4883	0	0	0	28126.54	0	0	0	0	0	0	0	23781.395	0	0	0	0	0	3585.71	-5.252037037729199	-5.323271960124572	-5.231238828056265	0.2405750011163139	-5.347179591224735	-5.282967156892111	-5.280480460924171	-5.362086846848585	-5.218671668362971	-5.29581812422646	-5.281376376982389	-0.310942431486696	-5.194917149856035	-5.232840823930569	-5.270096129332035	-5.238986405562283	-5.244710954118818	-4.5542432209946
O49006_T173	PME3	sp|O49006|PME3_ARATH	O49006	LISSAItNQETCLDGFSHDDADKQVR	0.7845	0.7845	0	0	0	0	0	0	0	0.658	0	0.4547	0	0	0	0	0	0	0	17465.295	14628.83	0	0	33859.63	0	0	12050.409	6803.641	0	16555.523	0	0	0	0	7198.7607	0	0	-1.3216216858537724	-2.479113058754857	-2.6030687116926	-5.181531722110996	0.08738784354734541	-5.2508798743032425	-2.6483910847273084	-2.1671392771270632	-2.5222772235498176	-5.239360913322132	-1.8419542328751195	-5.247296945731326	-5.2835364268573315	-5.259793571327054	-5.18273731222643	-3.3708557894657325	-5.308454168191995	-5.258586544550464
O80386_S992	CIP7	sp|O80386|CIP7_ARATH	O80386	HYSEDVGEVQASQEKPVsPK	0.9003	0	0	0	0	0	0	0	0	0	0	0	0	0	0	0	0	0	0.9003	0	0	0	0	0	0	0	0	0	0	0	0	0	0	0	0	0	81934.836	-5.1965680114402675	-5.276405598828652	-5.3173436848796705	-5.308163724764312	-5.284180895964869	-5.307042048138995	-5.277706514087487	-5.285395529799611	-5.273827084368488	-5.244321739588488	-5.233442888072409	-5.18076425729728	-5.268109227160766	-5.280716540115425	-5.191124258630071	-5.179458074591161	-5.26251234260464	-5.281307410439192
O80725_S642	ABCB4	sp|O80725|AB4B_ARATH	O80725	MSSIEsFKQSSLR	0.9358	0	0	0	0	0	0	0	0	0	0	0.9358	0	0	0.9331	0	0	0	0	0	0	0	0	0	0	0	0	0	0	25936.717	0	0	48368.227	0	0	0	0	-5.355786315360671	-5.194111424545177	-5.3065536661863595	-5.320862684202282	-5.112486250177752	-5.252923479069983	-5.266337474988181	-5.4012855206303065	-5.269664073904611	-5.215872957736396	-1.194270941346149	-5.243981098709962	-5.219058436402011	-0.22247785706130685	-5.165487934448297	-5.206219118781835	-5.290111395253278	-5.229465535559241
O80837_T58	DBP	sp|O80837|REMO_ARATH	O80837	ALAVVEKPIEEHtPK;ALAVVEKPIEEHtPKK	1	0	0	0	1	0	0	1	0	0	1	1	1	0	1	1	0	0	1	0	0	0	10838.214	0	0	49696.94	37553.555	0	39050.676	62129.523	23469.398	49301.89	245376.61	92786.234	7361.088	5036.393	56046.645	-5.27459535817362	-5.291578083926759	-5.407462477233478	-1.1139516714676851	-5.304156887095704	-5.240283812724332	-0.060684490457864726	-0.5059934852460408	-0.5312931595083429	-0.12816714598674928	0.087290506250147	-1.2484125318636643	-0.949059036144364	1.5568697204562643	0.24686940429609017	-3.317406999457294	-2.810329446457134	-0.5666676414721596
P19456_T881	AHA2	sp|P19456|PMA2_ARATH	P19456	tLHGLQPK	1	1	1	0	0	0	0	1	0	1	1	1	0	1	1	1	1	1	1	45023.52	207277.36	0	76459.1	0	0	332385.28	338744.7	72574.97	356569.47	494083.16	70536.555	280595.44	421326.6	358475.5	270405.62	206995.5	751211.7	0.04456615622689242	1.345563193207667	0.042337848415547795	1.6833311296912505	-5.15627291750655	-5.239639813768477	2.659664684500191	2.6459050785473703	0.892815923870625	3.041318328046982	3.057415159630466	1.2575953398336601	2.220284378035032	2.9003295846974115	2.779202534518424	1.8603769753281547	1.6235259839260436	3.156573689019247
P19456_T947	AHA2	sp|P19456|PMA2_ARATH	P19456	GLDIETPSHYtV;LKGLDIETPSHYtV	0.9481	0	0	0	0	0	0	0	0	0	0	0	0	0.9006	0.9481	0	0	0	0	0	0	0	0	0	0	0	0	0	0	0	24148.87	135676.97	84921.86	25171.715	0	0	0	-5.23366403429915	-5.312969704989195	-5.256541809076603	-5.368586421576885	-5.240413203454054	-5.229836105554271	-5.255398848703363	-5.229637868705293	-5.249090493049448	-5.226651426384124	-5.172551363172134	0.30419775325293585	-0.20842885336726447	-0.31029559769853243	-0.4597786868507363	-5.209056402419386	-5.263041346607444	-5.320396992722385
P20649_T881	AHA1	sp|P20649|PMA1_ARATH	P20649	EAQWAQAQRtLHGLQPK	1	0	0	0	0	0	0	1	0	0	1	1	0	0	1	0	0	0	0	0	0	0	0	0	0	38239.29	0	0	33131.207	59350.773	0	0	91785.055	0	0	0	50741.977	-5.243771653363262	-5.284686306349674	-5.189999889351642	-5.345028591475002	-5.285462133902592	-5.243574125821645	-0.46006416615088774	-5.272261371309265	-5.294982100245727	-0.3866021863612268	0	-0.4059322956792881	-5.279910597930852	0.7017217524353629	-5.2331977394882925	-5.219915945468739	-5.231663912891496	-0.731394208247492
P23321_T296	PSBO1	sp|P23321|PSBO1_ARATH	P23321	KPEtGEVIGVFESLQPSDTDLGAK	0.9647	0	0	0	0	0	0.9469	0	0	0	0	0	0	0	0.9647	0	0	0	0	0	0	0	0	0	0	0	0	0	0	0	0	0	2462.6125	0	0	0	0	-5.151000368460142	-5.2059996658508965	-5.250289058066827	-5.297663049173582	-5.118717537946636	-5.2308037694606	-5.2988905616893165	-5.255349940328467	-5.280894209506699	-5.278409755393807	-5.31134971151201	-5.258832277233212	-5.248716532550111	-5.3185516506204875	-5.4263321511286735	-5.277418277115243	-5.263198652966442	-5.234960855776991
P25858_Y98	GAPC1	sp|P25858|G3PC1_ARATH	P25858	PEDIPWAEAGADyVVESTGVFTDKDK;TLLFGEKPVTVFGIRNPEDIPWAEAGADyVVESTGVFtDK	0.9753	0.9726	0.9588	0.9542	0	0	0	0.7786	0	0	0	0	0	0.9727	0.9753	0	0.9702	0.9657	0	0	0	0	0	0	0	0	0	0	0	0	0	0	0	0	10628.77	0	0	-5.261717786073576	-5.244004599745664	-5.319563153211037	-5.229115781618995	-5.228730107989809	-5.252091991031068	-5.1968108226749274	-5.244451120918586	-5.251456330990619	-5.2512723492753315	-5.2428280156305425	-5.211668349208148	-5.242065024656081	-5.231514613698163	-5.321493222182058	-5.283199420337122	-5.190826064992892	-5.325869732008204
P31265_T118	TCTP1	sp|P31265|TCTP1_ARATH	P31265	tKFLLPRLSDFQFFVGEGMHDDSTLVFAYYK	0.9439	0	0	0	0	0	0	0	0	0	0.9439	0	0	0	0	0	0	0	0	0	0	0	0	0	0	0	0	0	329591.1	0	0	0	0	0	0	0	0	-5.251771125112711	-5.24442440421084	-5.215884378392044	-5.282118381309512	-5.256743272507953	-5.3528372978095735	-5.247744742127521	-5.29800279596048	-5.276606875698898	-5.324062808605376	-5.245427778394087	-5.231345568699792	-5.279905238955403	-5.173423991278201	-5.231146575954137	-5.217242915819758	-5.16220439439897	-5.297230224944393
P32961_S22	NIT1	sp|P32961|NRL1_ARATH	P32961	sttVRVTIVQSSTVYNDTPATIDKAEK	0.9713	0	0	0	0	0	0	0	0	0	0	0	0.9713	0	0	0	0	0	0	0	0	0	409647.22	0	0	0	0	0	0	0	101845.79	0	0	0	0	0	0	-5.224243580840201	-5.215345513784788	-5.264983084287051	4.104953030525415	-5.248721926585921	-5.315265639619608	-5.241166167096197	-5.299723061063971	-5.2239904013561915	-5.305246083682155	-5.248704670127543	1.7875386631959707	-5.307000677140698	-5.276962703438953	-5.342317495037789	-5.258252842836229	-5.215402375012273	-5.255512168329156
P32961_T23	NIT1	sp|P32961|NRL1_ARATH	P32961	sttVRVTIVQSSTVYNDTPATIDKAEK	0.9713	0	0	0	0	0	0	0	0	0	0	0	0.9713	0	0	0	0	0	0	0	0	0	409647.22	0	0	0	0	0	0	0	101845.79	0	0	0	0	0	0	-5.352986005154039	-5.295701229313313	-5.181872392632579	4.104953030525415	-5.174184275203323	-5.323426382883123	-5.283009707423898	-5.246993272036152	-5.248716733439122	-5.293672393933487	-5.312338479579862	1.7875386631959707	-5.273645973829797	-5.214184133735301	-5.263493213736446	-5.297125955461711	-5.289893255584926	-5.183954969709598
P32961_T24	NIT1	sp|P32961|NRL1_ARATH	P32961	sttVRVTIVQSSTVYNDTPATIDKAEK	0.9713	0	0	0	0	0	0	0	0	0	0	0	0.9713	0	0	0	0	0	0	0	0	0	409647.22	0	0	0	0	0	0	0	101845.79	0	0	0	0	0	0	-5.287022535045299	-5.22651570642685	-5.191088610173226	4.104953030525415	-5.242491299298146	-5.285760637986026	-5.26667462579282	-5.28928854289391	-5.203288688616879	-5.272152222744736	-5.187175375283393	1.7875386631959707	-5.292755171251582	-5.297030407014134	-5.257517936529995	-5.263465112082963	-5.28989712071156	-5.343744384979034
P41376_T145	EIF4A1	sp|P41376|IF4A1_ARATH	P41376	VHACVGGtSVR	0.9632	0	0.9253	0.9632	0	0	0	0.9525	0	0	0.9429	0.5	0	0	0.9297	0.9387	0.5	0	0.9431	11640.439	98443.555	18669.775	0	0	0	76026.484	31854.572	16063.381	34888.473	56911.95	0	0	39249.98	49602.78	95510.34	0	98076.23	-1.9069672286926682	0.27136930997393804	-1.200331472372369	-5.263171223419746	-5.300503379436051	-5.210543996708711	0.5313821694560854	-0.7647209371401509	-1.2828805651874369	-0.3120424944466471	-0.06053520799425094	-0.32764461916897947	-0.550037872740708	-0.5238455930863886	-0.07417910262893024	0.35898067265717515	0.20836310561840285	0.2193295848614767
P42212_S205	GFP	GFP	P42212	HNIEDGSVQLADHYQQNTPIGDGPVLLPDNHYLStQs	0.8018	0.8018	0	0	0	0	0	0	0	0	0	0	0	0	0	0	0	0	0	1069.5956	0	0	0	0	0	0	0	0	0	0	0	0	0	0	0	0	0	-5.312308817229481	-5.208350408032058	-5.297126695351472	-5.25005104056218	-5.219739408262379	-5.29061166232211	-5.23695261686526	-5.269073228041717	-5.321435190952893	-5.278178525032511	-5.183685050605769	-5.275381103167348	-5.305563667628764	-5.267375690686596	-5.248167463989623	-5.216908313749646	-5.207476550592895	-5.259648424563763
P42212_T186	GFP	GFP	P42212	HNIEDGSVQLADHYQQNtPIGDGPVLLPDNH;IRHNIEDGSVQLADHYQQNtPIG;IRHNIEDGSVQLADHyQQNtPIGDGPVLLP	0.9679	0.9555	0.9679	0.9605	0	0	0	0	0	0	0	0	0	0	0	0	0	0	0	0	0	0	0	0	5054.2017	0	0	0	0	0	0	0	0	0	0	0	0	-5.206445782199647	-5.302887541872473	-5.381900214717032	-5.288258715758993	-5.2904673189578855	-5.380476352057644	-5.23655095663404	-5.303863301453635	-5.275977243793925	-5.3440296938652185	-5.2372983343891	-5.170113193614743	-5.308578399993719	-5.270302490034756	-5.167238891233716	-5.21798372787213	-5.169021573397663	-5.264936247379113
P42212_T203	GFP	GFP	P42212	HNIEDGSVQLADHYQQNTPIGDGPVLLPDNHYLStQs	0.8018	0.8018	0	0	0	0	0	0	0	0	0	0	0	0	0	0	0	0	0	1069.5956	0	0	0	0	0	0	0	0	0	0	0	0	0	0	0	0	0	-5.272287546928598	-5.290156127341472	-5.1929458593112106	-5.328966471099165	-5.249308833719765	-5.266990471146386	-5.152082454476172	-5.2950762309130015	-5.340138952975068	-5.2530429560070875	-5.266656979285071	-5.306630797857784	-5.258059990070309	-5.2784507818178135	-5.298612476545918	-5.239632747893725	-5.281257660082856	-5.3564235570211425
P42212_Y182	GFP	GFP	P42212	HNIEDGSVQLADHyQQN;IRHNIEDGSVQLADHyQ;IRHNIEDGSVQLADHyQQN;IRHNIEDGSVQLADHyQQNtPIGDGPVLLP	0.9777	0.9759	0.9711	0.9663	0.9777	0.9706	0	0	0	0	0	0	0	0	0	0	0	0	0	1188.0911	1800.395	2122.201	2273.5886	0	0	0	0	0	0	0	0	0	0	0	0	0	0	-5.998301946821927	-5.501542079111804	-4.949345706970268	-3.3883139576118975	-5.39726160690115	-5.293703653086737	-5.191965200938957	-5.222768075484281	-5.2039218654602095	-5.215549272345877	-5.248886343281595	-5.340027675868332	-5.254396055124203	-5.184813139965326	-5.434477721211234	-5.30374215869762	-5.209551312444921	-5.2382372935102515
P42794_T46	RPL11D	sp|P42794|RL112_ARATH	P42794	VLEQLSGQtPVFSK	0.9413	0	0	0	0	0	0	0	0	0	0	0	0	0	0	0	0	0	0.9413	0	0	0	0	0	0	0	0	0	0	0	0	0	0	0	0	0	82177.54	-5.225204824306774	-5.241819569189712	-5.23773288869961	-5.263942388361961	-5.3104990012676705	-5.326015299020899	-5.262866901076005	-5.285744200161086	-5.309642764905662	-5.243802478608188	-5.257002307639316	-5.191510392222854	-5.3207496693487935	-5.290563948635268	-5.268421898899442	-5.335064048554471	-5.27890983788804	-5.3000831033931854
P42798_Y101	RPS15AF	sp|P42798|R15A1_ARATH	P42798	FGyIVLTTSAGIMDHEEAR	0.9772	0	0	0	0	0	0	0	0	0	0	0	0	0	0.9772	0.9735	0	0	0	0	0	0	0	0	0	0	0	0	0	0	0	0	1715.9525	0	0	0	0	-5.372056494539392	-5.278866402513084	-5.291378152681321	-5.208024034774806	-5.294877990624899	-5.236798964702893	-5.2575430798197615	-5.3265175552247825	-5.245967345857356	-5.269978850655839	-5.256371445157064	-5.231772802065396	-5.258976398483947	-5.185416586280957	-5.25889687246035	-5.327374496446692	-5.22758130551748	-5.3258196252325085
P43286_S280	PIP2-1	sp|P43286|PIP21_ARATH	P43286	SLGsFRsAANV	0.9806	0	0	0	0	0	0	0	0	0	0	0	0.9806	0	0	0	0	0	0	0	2435.2246	0	45169.375	20010.03	6361.439	0	2265.855	0	0	1357.5795	97024.16	6878.31	3177.9846	5487.612	5334.8203	0	4855.8506	-5.360619251070622	-4.859487865483645	-5.305171363978556	-0.7951283431643752	-0.46514220367251724	-2.09519767110978	-5.30190840592178	-4.37178107011289	-5.295049840617176	-5.506037673627084	-5.243845403454365	-0.33879491174036147	-2.9236963619081617	-3.9440405442634905	-3.0440369012034534	-3.596851822704963	-4.10598835633902	-3.910465101275257
P43286_S283	PIP2-1	sp|P43286|PIP21_ARATH	P43286	SLGsFRsAANV	0.9806	0	0	0	0	0	0	0	0	0	0	0	0.9806	0	0	0	0	0	0	0	2435.2246	0	45169.375	20010.03	6361.439	0	2265.855	0	0	1357.5795	97024.16	6878.31	3177.9846	5487.612	5334.8203	0	4855.8506	-5.18433656617927	-4.859487865483645	-5.182894572168335	-0.7951283431643752	-0.46514220367251724	-2.09519767110978	-5.228369989647591	-4.37178107011289	-5.32836629073469	-5.506037673627084	-5.243845403454365	-0.33879491174036147	-2.9236963619081617	-3.9440405442634905	-3.0440369012034534	-3.596851822704963	-4.10598835633902	-3.910465101275257
P46422_Y128	GSTF2	sp|P46422|GSTF2_ARATH	P46422	IyGLTTDEAVVAEEEAK	0.9639	0	0	0	0	0	0	0	0	0	0	0.9639	0	0	0	0	0	0	0	0	0	0	0	0	0	0	0	0	0	4422.3535	0	0	0	0	0	0	0	-5.2635172167108495	-5.240318482791192	-5.2715259196460025	-5.256087270359716	-5.311914240227516	-5.329055559782827	-5.194286257544965	-5.251305910029858	-5.285094426589817	-5.248410983486669	-5.161550495826549	-5.246541196699319	-5.194104312247322	-5.196297328753745	-5.285033351838593	-5.226547457938223	-5.2972345856341025	-5.338357333455932
P46643_S56	ASP1	sp|P46643|AAT1_ARATH	P46643	SVEPAPKDPILGVTEAFLADPsPEKVNVG	0.9733	0	0	0	0	0	0	0.9733	0	0	0	0	0	0	0	0	0.9417	0	0	0	0	0	0	0	0	0	0	0	0	0	0	0	0	0	1041.1713	0	0	-5.324757834302772	-5.272110568389021	-5.174821423054901	-5.259434108589738	-5.30481644315009	-5.253155796274332	-5.229775784821612	-5.329434631079811	-5.3174085553814	-5.36175491896627	-5.3281525741327025	-5.309046485023321	-5.279270332617676	-5.194169841833864	-5.2202424729693195	-5.251025828498003	-5.293006617783826	-5.266684891354345
P51430_S121	RPS6B	sp|P51430|RS62_ARATH	P51430	KGVsDLPGLTDTEKPR	0.9853	0	0.9697	0.9668	0	0	0	0.9816	0.9793	0.9755	0.9717	0.9769	0.9853	0.9737	0.9799	0.9748	0	0	0	0	0	0	0	0	0	0	0	0	0	0	0	2181.5413	0	0	0	0	0	-5.237293932217463	-5.2898762105627934	-5.211721038004576	-5.209801866160727	-5.322999775963796	-5.302020109986819	-5.204337607815553	-5.349035538509684	-5.2436890497372	-5.252999606400577	-5.104879484589647	-5.4011585615438635	-5.306714334553718	-5.230973111049994	-5.1809582189989465	-5.222690190290492	-5.336092966260276	-5.152705136024125
P51430_S237	RPS6B	sp|P51430|RS62_ARATH	P51430	sRLSSAPAKPV	0.9398	0	0.4671	0	0	0	0	0	0	0.4868	0	0	0	0.4895	0	0	0.3333	0.468	0.9398	0	1206495.8	0	0	0	31360.219	0	791283.5	145769.44	0	0	0	164422.45	249297.05	0	198848.2	186075.6	787951.7	-5.352537855687604	3.886751635631633	-5.320325348877749	-5.266831564013183	-5.1533951990371865	0	1.8040122319794845	3.8699013784881675	1.898960244188931	-5.239358715115605	-5.2281547419107275	-5.178270664745676	1.4492001102796763	2.143256394054566	1.3767401047656924	1.416919341749189	1.4698154674011938	3.225461353933138
P51430_S240	RPS6B	sp|P51430|RS62_ARATH	P51430	SRLsSAPAKPV;SRLsSAPAKPVA	0.9715	0.9297	0.9578	0.955	0	0	0	0.966	0.9707	0.9686	0.9692	0.9715	0.8633	0.963	0.9472	0.9426	0.9683	0.9548	0.9659	305762.38	2238486.8	267019.44	31924.83	29600.45	0	1815855	1725636.8	294800.75	452783.34	1168883	152086.83	290450.34	761342	561329.9	523387.9	289428.84	1368391.2	1.938529628059344	3.934088100733728	1.7860186476463173	0.44249326517089393	-0.08738784354734364	-0.09175723572471081	4.275588742654174	4.1650218951772136	2.085086674870052	3.4051275059966795	3.4643053991198407	2.3852189529545704	1.4025181469013361	2.8365673766935	2.59664477676956	1.9746662055692	1.2471542667210862	3.182398838371526
P51430_S241	RPS6B	sp|P51430|RS62_ARATH	P51430	SRLSsAPAKPVA	0.9347	0	0	0	0	0	0	0	0	0	0	0	0	0.5092	0.8382	0	0.9347	0	0	0	0	0	43603.598	0	0	0	0	0	95843.33	0	149639.9	117385.79	341963.9	0	80649.734	0	0	-5.2154355460667885	-5.3259114382807295	-5.229188233579225	0.8730900969011017	-5.27013554411142	-5.175544149713099	-5.276846778462665	-5.341029895595247	-5.240082825909185	1.145885084855296	1.0885908306125311	2.3426472252432013	0.9630505895984918	2.5992346155249617	0.9148980601185672	0.11499351919766454	-5.246949361436167	-5.265555861864035
P60040_T181	RPL7B	sp|P60040|RL72_ARATH	P60040	VEQALGKHGIICtEDLIHEILTVGPHFK	0.9816	0	0	0	0	0	0	0	0	0	0	0	0	0	0	0	0	0	0.9816	0	0	0	0	0	0	0	0	0	0	0	0	0	0	0	0	0	4456.209	-5.317502060588377	-5.30662027778643	-5.265305830307038	-5.2127690371823	-5.282897430177769	-5.308247018091786	-5.399884695754851	-5.239962052655484	-5.2433075282325605	-5.199215001477032	-5.1913384123669815	-5.271827347797247	-5.199748858171979	-5.26460886710472	-5.298495048266795	-5.30708437432679	-5.282021599502888	-5.253300572331162
P93004_S273	PIP2-7	sp|P93004|PIP27_ARATH	P93004	ALGsFRsNATN	0.9156	0	0	0	0	0	0	0	0	0	0	0	0	0	0.9156	0	0	0	0	0	0	0	0	0	0	0	0	3657.6418	2963.2832	7551.556	0	4851.877	185957.22	0	0	5721.3604	8023.603	-5.2660446146630715	-5.254630654953265	-5.254727410891377	-5.228944576678332	-5.2783336332270085	-5.18290717158593	-5.242789850158534	-5.32435133701997	-3.417670445444859	-3.8695245335389714	-2.974420972173194	-4.06300076021592	-3.6335203982868727	-5.278507034692475	-5.23888039195576	-3.731249954039869	-3.5535713847998753	-3.392251809081042
P93004_S276	PIP2-7	sp|P93004|PIP27_ARATH	P93004	ALGSFRsNATN;ALGsFRsNATN	0.9511	0	0	0	0	0	0	0.9351	0	0	0.9396	0.9131	0.9511	0	0.9153	0	0.8901	0.9217	0.9163	0	0	0	36177.773	0	0	65509.656	0	3657.6418	329761.78	187847.02	25667.943	4851.877	407845.62	0	316925.25	91863.56	390585.2	-5.2852273110868335	-5.2474247920088875	-5.242954751440959	0.024705899354497518	-5.199500660332265	-5.29725934001917	-0.26245291504974944	-0.2755755608022369	1.21511764991169	1.764600231735555	1.2547844965392585	-0.7798485796103805	0.9992676553903372	1.3961843729358474	0.9493042726208204	1.5103538584381901	0.252331528363964	1.4719838015449938
P93047_S78	HMGB3	sp|P93047|HMGB3_ARATH	P93047	LsDSEKAPYVAK;SLsDSEKAPYVAK	0.9806	0.9221	0.9273	0.9534	0	0	0	0.95	0.9469	0.9299	0.952	0.9009	0.9806	0.9424	0.6158	0.9694	0.9283	0.9367	0.9001	49526.977	348316.28	50401.652	145054.06	0	0	225936.06	305177.28	57822.383	310209.03	156983.08	97149.08	60641.062	214810.34	138939.48	248779.95	155332.8	366179.22	0.1821018684103013	2.0943985522402677	0.23243500797892835	2.6071616827754376	-5.2655185875989154	-5.293059167247196	2.102722739205264	2.495354263957493	0.5649719203649575	2.840375828435649	1.4032703453428717	1.719424557045162	0.010159738944034657	1.928454022749067	1.4117846161524579	1.7401220575946006	1.2092890801685492	2.11990407926924
PafA_S122	NA	PafA	PafA	NVDsVGNSYGCHENYLVGR	0.9753	0.9753	0	0.9665	0	0	0	0	0	0	0	0	0	0	0	0	0	0	0	15964.306	0	28690.053	0	0	0	0	0	0	0	0	0	0	0	0	0	0	0	-1.451262859373644	-1.5238260023423262	-0.5804853800656389	-5.32103118797068	-5.357123060041468	-5.254898091723422	-5.234596283222737	-5.23271663649302	-5.334174185355621	-5.321158437152396	-5.321732254224394	-5.29910811946256	-5.25616465357491	-5.234950373119646	-5.305426177018764	-5.407891886335853	-5.216983370397103	-5.233910305951844
PafA_S126	NA	PafA	PafA	NNVDSVGNsYGCHENYLVGR	0.8477	0	0	0	0	0	0	0.8477	0	0	0	0	0	0	0	0	0	0	0	0	0	0	0	0	0	55686.348	0	0	0	0	0	0	0	0	0	0	0	-5.299718079510029	-5.318357611556006	-5.2796741043225035	-5.259269216342387	-5.228514506303132	-5.195169789678803	-5.307118714401437	-5.250138402250341	-5.197965742797395	-5.309741652245471	-5.275812715129159	-5.3532479458926865	-5.250303431976794	-5.296734132598716	-5.310921426594463	-5.303673417941782	-5.2424493758027975	-5.3727979946131
PafA_S464	NA	PafA	PafA	HKVNRPEPQSVELGDPFSAVNsE;HKVNRPEPQSVELGDPFSAVNsEVDQLIEYMT	0.9693	0	0.9693	0	0	0.9037	0	0	0	0	0	0.6505	0	0	0	0	0	0	0	0	0	0	0	4619.361	0	0	0	0	0	0	0	0	0	0	0	0	0	-5.285950089478564	-5.3153604274427435	-5.312780495897703	-5.240942813118648	-5.24708683100229	-5.270025562294865	-5.237798681652499	-5.294779789404923	-5.365839426749201	-5.20695348045261	-5.276209194367222	-5.282928982893262	-5.2567986480137305	-5.226377933333296	-5.243370196172401	-5.21831127448425	-5.262367814840492	-5.289888826637072
PafA_S479	NA	PafA	PafA	HKVNRPEPQSVELGDPFSAVNSEVDQLIEYMtVHAEsy;HKVNRPEPQSVELGDPFSAVNSEVDQLIEyMtVHAEsY	0.932	0.7233	0.932	0	0.8576	0	0	0	0.721	0	0	0	0	0	0	0	0	0	0	0	652.2435	0	0	0	0	0	0	0	0	0	0	0	0	0	0	0	0	-5.279697014900294	-5.223528745550222	-5.3071379842889685	-5.312355049266576	-5.249000608688387	-5.234050879110851	-5.34922870585936	-5.2254396131104	-5.264078287719515	-5.273737308876014	-5.209326824358483	-5.190704800933103	-5.322044516532508	-5.2140918256568165	-5.296278004231261	-5.258056478506562	-5.24062824124625	-5.2580156631032855
PafA_T285	NA	PafA	PafA	GttMTALQIQQVVFEHASK;ttMTALQIQQVVFEHASK	0.9597	0.9495	0.9576	0.9597	0	0	0	0	0	0	0	0	0	0	0	0	0	0	0	244252.14	197950.88	173682.62	0	632039.56	789962.44	0	0	282328.47	0	0	0	0	0	0	0	0	0	2.489256043444227	1.24889263445354	2.017345475843877	4.0942763615439155	4.309764591098858	4.654776520254174	-5.337817767598926	-5.289994633506253	2.8526465657428055	-5.187691382615639	-5.256034863563151	-5.3064657406865	-5.297470979676497	-5.21179624015575	-5.247370369989248	-5.309533871582201	-5.264361283919735	-5.23484101902873
PafA_T286	NA	PafA	PafA	GTtMTALQIQQVVFEHASK;GttMTALQIQQVVFEHASK;tMTALQIQQVVFEHASK;ttMTALQIQQVVFEHASK	0.9597	0.9495	0.9576	0.9597	0	0	0	0	0	0	0	0	0	0	0	0	0	0	0	244252.14	200516.23	173682.62	0	632039.56	792494.4	0	0	282328.47	0	0	0	0	0	0	0	0	0	2.489256043444227	1.24889263445354	2.017345475843877	4.0942763615439155	4.309764591098858	4.654776520254174	-5.1785469540853155	-5.308762018652984	2.8526465657428055	-5.283671842240859	-5.214869043688828	-5.287630589129709	-5.191661257171888	-5.212512235634999	-5.347626592999858	-5.243476655671146	-5.335632690791778	-5.337909167316051
PafA_T474	NA	PafA	PafA	HKVNRPEPQSVELGDPFSAVNSEVDQLIEYMtVHAEsy;HKVNRPEPQSVELGDPFSAVNSEVDQLIEyMtVHAEsY	0.9329	0.7233	0.9329	0	0.8696	0	0	0	0.721	0	0	0	0	0	0	0	0	0	0	0	652.2435	0	0	0	0	0	0	0	0	0	0	0	0	0	0	0	0	-5.261153495875124	-5.261839633383502	-5.266309953345796	-5.201460483279197	-5.249925150196004	-5.298328885507741	-5.258695129907968	-5.290394369932081	-5.268080123175843	-5.322075140074354	-5.270436768488975	-5.259527724890066	-5.299761718837673	-5.262613013269002	-5.29711296201244	-5.296874937455838	-5.274896485735835	-5.240132498599436
PafA_Y472	NA	PafA	PafA	HKVNRPEPQSVELGDPFSAVNSEVDQLIEyMtVHAEsY	0.8723	0.7233	0.583	0	0.8723	0	0	0	0.721	0	0	0	0	0	0	0	0	0	0	0	652.2435	0	0	0	0	0	0	0	0	0	0	0	0	0	0	0	0	-5.274941393846043	-5.255139978286254	-5.21617333484946	-5.27893759837487	-5.269855507909605	-5.239111817422331	-5.327582666983302	-5.2374832460347065	-5.291422723811666	-5.32157684582152	-5.353074733026299	-5.3004234546259035	-5.323184657700497	-5.32359695190349	-5.18330997758485	-5.325281877763943	-5.214799048610452	-5.237412262411508
Q56WH4_S266	HDT2	sp|Q56WH4|HDT2_ARATH	Q56WH4	SPVNANQsPK	0.9531	0.8531	0.8554	0.9247	0	0	0	0	0	0.8982	0	0	0	0.9229	0.9276	0.9531	0	0	0.9445	38869.137	72591.4	31679.096	0	0	0	0	0	20873.607	0	0	0	87818.805	48402.74	30425.418	0	0	59649.82	-0.16748762053440913	-0.16812880712059197	-0.43750484629162045	-5.3089140002412725	-5.2952360793765845	-5.285184520124184	-5.255154075990675	-5.282090790930483	-0.9049762240640202	-5.223332167968267	-5.279308889597653	-5.372941854980678	0.5443946224932148	-0.2214487935394498	-0.7793229981455259	-5.269485383292685	-5.357272386794945	-0.49805615434179984
Q56Z59_S108	PATL3	sp|Q56Z59|PATL3_ARATH	Q56Z59	SMIPQNLGsFKEESSK	0.9322	0	0	0	0	0	0	0	0	0	0.9322	0	0	0	0	0	0.9173	0	0	0	0	0	0	0	0	0	0	0	33118.34	0	0	0	0	0	60826.38	0	115178.57	-5.217783987720912	-5.302058868554491	-5.320436616267525	-5.2942498652474574	-5.235413010287057	-5.360602454448009	-5.251983704907311	-5.313286632794824	-5.265100216884417	-0.3871625873953519	-5.230722448932142	-5.236192976147895	-5.189526461426096	-5.258220274424242	-5.299733692066347	-0.2919791091611703	-0.3065780646192288	0.4512264715838086
Q84R17_S44	At4g24275	tr|Q84R17|Q84R17_ARATH	Q84R17	NRsVSASAQAVPSPIK;sVSASAQAVPSPIK	0.9434	0	0	0	0	0	0	0.9217	0.9414	0	0	0	0	0	0.9315	0.9359	0	0	0.9434	0	0	0	0	0	0	144633.03	49780.164	0	0	0	0	0	51346.293	20919.09	0	0	192068.02	-5.156989183683654	-5.279836851395603	-5.224295555637116	-5.218124971176196	-5.24192943956887	-5.193403509979336	0.36997157108800316	-0.021322676217142345	-0.022388810027999462	-5.275124103108154	-5.3262446834370465	-5.282704723340184	-1.2814748968171599	-0.0369496447950155	-1.2204522826830093	-5.292035209456719	-5.2482747441067925	-0.31713725718713803
Q8GUM4_S486	At3g27390	sp|Q8GUM4|Y3739_ARATH	Q8GUM4	SSNAISAsPPLTER	0.9449	0	0	0	0	0	0	0	0	0	0	0	0	0	0.9449	0	0	0	0	0	0	0	0	0	0	0	0	0	0	0	0	0	42608.703	0	0	0	55146.59	-5.311339536087199	-5.230634003242508	-5.322868664491834	-5.1769020689883485	-5.192192676269771	-5.2871142915430704	-5.257671180035993	-5.283357060891396	-5.32499625034442	-5.397741843229567	-5.265929269145796	-5.2663932073449695	-5.182556592530274	-0.4053893751097739	-5.364447651859458	-5.297783082412637	-5.220672644867014	-0.6113022595259814
Q8GUP3_T289	PDS5C	sp|Q8GUP3|PDS5C_ARATH	Q8GUP3	AAEIStPERTDAPKDESGK	0.954	0.954	0	0	0	0	0	0	0.9458	0.9515	0	0	0	0	0	0	0	0	0	12291.182	12492.172	8992.394	0	0	0	17016.227	15706.249	17635.066	0	9364.155	13149.93	0	0	0	0	0	0	-1.8284890355139645	-2.7069031089278894	-2.2542588598488535	-5.247555173482434	-5.258586851706327	-5.295712596208107	-1.6282087183896436	-1.7848827163235779	-1.148209171497772	-2.797248405088738	-2.664046100084512	-1.1657206567829839	-5.254627281103815	-5.2764698118836835	-5.258991488734005	-5.293571004246907	-5.205246300190599	-5.211677730576443
Q8H1Y0_S296	IAR4	sp|Q8H1Y0|ODPA2_ARATH	Q8H1Y0	YHGHsMSDPGSTYR	0.9806	0	0	0	0.9681	0	0	0.8894	0.936	0.8529	0.954	0.9755	0	0	0.9676	0.9425	0.9753	0.9748	0.9806	25439.426	27838.041	14055.656	65140.477	109808.81	108109.74	60381.92	34796.945	67458.336	144133.1	233333.42	88226.15	141851.9	186431.19	150096.78	307712.94	223527.84	663704.4	-1.5113782623386616	-2.3304477115008346	-1.3715396248919625	0.6912760177982307	0.8554607770274067	0.7872827173995773	0.14428188114697704	-0.7062358221532765	-0.10690130965493516	0.742455766774059	0.4040547854104197	0.6566506985699423	0.20675947449194254	0.6202636139453741	0.35561007473790873	0.9892648851412815	0.7349985136468717	1.2196309599643698
Q8H1Y0_S298	IAR4	sp|Q8H1Y0|ODPA2_ARATH	Q8H1Y0	YHGHSMsDPGSTYR	0.9043	0	0	0	0	0	0	0	0	0	0	0	0	0	0	0	0	0.9043	0	0	0	0	0	0	0	0	0	0	55369.82	65836.75	0	0	0	0	0	52398.855	0	-5.197836633939282	-5.283033003039027	-5.279891379721436	-5.282188525694302	-5.195967306346115	-5.2796605690762695	-5.259792787271254	-5.24561514304633	-5.230763916641577	0.35430688243430275	0.14962629953218354	0.14214498455557437	-5.2780582080942295	-5.14737626126577	-5.311049277258758	-5.336002403167403	-5.262559411263026	-5.176302370982276
Q8H1Y0_Y292	IAR4	sp|Q8H1Y0|ODPA2_ARATH	Q8H1Y0	yHGHSMSDPGSTYR	0.7758	0	0	0	0.7758	0	0	0.328	0.4865	0	0	0.6495	0	0	0	0	0	0	0	0	0	0	52293.223	0	0	51161.08	32971.336	27308.379	0	65836.75	0	0	0	0	0	0	0	-5.262037028125248	-5.259188242484018	-5.221514413704608	1.135266902254477	-5.269623204720997	-5.259489717178205	-0.04007318324044462	-0.7150090443148027	-0.5173124670130314	-5.204250300698284	0.14962629953218354	-5.259987243429878	-5.30228437042982	-5.244928333488883	-5.319250566181887	-5.337589165732301	-5.270810158730304	-5.319721004065936
Q8L4D8_S31	IQD31	sp|Q8L4D8|IQD31_ARATH	Q8L4D8	VVsGKEVLVTSK	0.9695	0	0	0	0.9695	0	0	0	0	0	0	0.9469	0	0	0.9259	0	0	0	0.9519	0	0	0	5714.94	0	0	0	0	0	0	41053.152	0	0	47288.25	0	0	0	94053.77	-5.235628390890528	-5.2720219189505055	-5.302991275236134	-2.058546831550924	-5.183529665555285	-5.270171571684315	-5.193589301769413	-5.270345596932336	-5.281138591561574	-5.246001495302659	-0.5317738257905233	-5.213180137935526	-5.129385792122549	-0.25505575910488254	-5.316421838044978	-5.273846037414553	-5.21078597910995	0.1589118343330398
Q8L5Y9_S46	PANK2	sp|Q8L5Y9|PANK2_ARATH	Q8L5Y9	SGsRPQLDLSK	0.9275	0	0.9211	0	0	0	0	0	0	0	0	0.8935	0	0	0	0	0	0	0.9275	188432.52	381446.34	0	0	0	0	0	0	0	0	241954.66	27456.24	0	0	131218	375420	86196.945	270592.47	2.109863367218635	2.225480767500322	2.004370198857703	-5.247593533217577	-5.27404172568845	-5.32981749990899	-5.2786074575813	-5.27391223990543	-5.2687634193411945	-0.10882379305249143	2.027398000370056	-0.10364170766903946	-5.184062454796163	-5.2877715364577496	1.3292936502838852	2.333757348882827	0.35963522268167836	1.6834758489194428
Q8L7S4_S448	MAP70.2	sp|Q8L7S4|MP702_ARATH	Q8L7S4	HSLsINSTSVLK	0.94	0.9	0.94	0.9341	0	0	0	0.8689	0.8368	0.9027	0.9385	0.9085	0	0	0	0	0	0	0	53419.902	384209.4	104403.5	0	0	0	135469.05	104006.85	33805.895	51678.344	60491.453	0	0	0	0	0	0	0	0.2912646324852073	2.2358934635880914	1.2830621588887698	-5.343477059523448	-5.23985289080596	-5.270272233673465	1.3647714753333648	0.9423852532135637	-0.20938130408652178	0.25476689108831607	0.027464494498865122	0.026091269773921864	-5.274891864493115	-5.232896136339696	-5.410008242186094	-5.292357457120564	-5.272347135895062	-5.234410018694494
Q8L7S4_S486	MAP70.2	sp|Q8L7S4|MP702_ARATH	Q8L7S4	GPGNYsFNK	0.9182	0	0.9182	0	0	0	0	0	0	0	0.7861	0	0	0	0	0	0	0	0	103162.45	360236.16	0	0	0	0	230086.48	112021.1	0	85052.54	0	12839.66	0	0	0	0	0	0	1.2407333391941773	2.1429436516439075	1.1786966722344685	-5.277724874291734	-5.3149314676030786	-5.246046238766887	2.128984404656192	1.0494772044375562	0.9970033442156784	0.9735613715932612	-1.2601772156246422	-1.2001687767853735	-5.26370223565651	-5.259148103712753	-5.206846022636338	-5.291785567493104	-5.327134608653471	-5.328675174320176
Q8L7W3_S444	At2g29210	tr|Q8L7W3|Q8L7W3_ARATH	Q8L7W3	LPsPSIEQR	0.9593	0	0	0	0	0	0	0.9583	0.9538	0.9429	0.9593	0	0	0	0.942	0.9526	0	0	0.9514	0	0	0	0	0	0	66897.66	53690.734	41740.195	36011.344	0	0	0	50774.28	33549.375	0	0	55494.824	-5.315871183872035	-5.33405707348192	-5.267135600202822	-5.174126507958359	-5.26965004776793	-5.225812688267647	0.34683584522466226	-0.011548262619379912	0.0947811938116292	-0.2663415052487501	-5.319804360741517	-5.275756783617606	-0.6702299009376216	-0.15243963529687754	-0.6383141913691635	-5.236369796352721	-5.28242251174527	-0.6022207211461232
Q8L9W8_S121	O3L4	sp|Q8L9W8|O3L4_ARATH	Q8L9W8	SKsFGNLGEIGSVK	0.9429	0	0	0	0.9379	0	0	0	0	0	0	0	0	0	0.9241	0	0	0	0.9429	0	0	0	20376.453	0	0	0	0	0	0	0	0	0	75596.65	0	0	0	92409.445	-5.225411414409114	-5.229972175552546	-5.296311039261764	-0.2244541502004367	-5.303272476580582	-5.146783675102461	-5.274302011300507	-5.264343577771807	-5.267401845713884	-5.293084888509535	-5.311023341667348	-5.321461303551551	-5.218976427529793	0.42178479212373965	-5.31397768614866	-5.231300273808035	-5.194344769997185	0.13346637561797436
Q8LD03_S121	RPS7C	sp|Q8LD03|RS73_ARATH	Q8LD03	LTsVHEAMLEDVAFPAEIVGKR	0.9436	0	0	0	0	0	0	0.925	0.9192	0	0	0	0	0.9436	0	0	0	0	0	0	0	0	0	0	0	0	0	0	0	0	0	3916.429	0	0	0	0	0	-5.206785596476623	-5.271612204361193	-5.291640637030524	-5.318619219435592	-5.265602651480072	-5.276305328766451	-5.256859867356808	-5.294875032220218	-5.233222788476433	-5.2289660659399155	-5.210880239418079	-5.15218676861355	-5.254780014538552	-5.293451860406451	-5.268540587732746	-5.346070538937568	-5.258178386784064	-5.28595820114552
Q8LE63_S234	At4g11860	tr|Q8LE63|Q8LE63_ARATH	Q8LE63	TRsFDDSPPAAAELRR;sFDDSPPAAAELR	0.9732	0	0.9567	0	0.9572	0	0.8734	0.9354	0.9435	0.9534	0.9572	0.9732	0	0.7036	0.9439	0.838	0.9038	0.9486	0.9222	0	25278.238	0	11259.848	0	32627.943	44714.953	99665.67	33493.01	190833.05	27843.045	28166.037	25451.773	43832.43	27058.982	76133.8	40387.867	89159.23	-5.24437395705646	-1.6880809782911115	-5.27811505376442	-1.0782192908033945	-1.1321302553435642	0.059122934457880305	-0.23241197119450163	-0.07187924759435305	-0.22084555125775474	1.7106269725922356	-1.0899993639712289	-0.06486867609016223	-1.2404186011564935	-0.3625883765706863	-0.9465419134100692	0.03381130826970846	-0.73212904816425	0.08376066450695774
Q8LE63_T232	At4g11860	tr|Q8LE63|Q8LE63_ARATH	Q8LE63	tRSFDDSPPAAAELRR	0.843	0.6073	0	0.843	0	0	0	0	0	0	0.4929	0	0	0.4921	0.5877	0	0.4956	0	0.4855	23203.686	0	34569.24	0	0	0	0	0	0	158196.1	0	0	85505.805	46927.98	0	30412.537	0	78381.13	-0.9117586952948606	-0.9573466300596036	-0.3115471268123695	-5.333723771297402	-5.262845378415288	-5.332336771041335	-5.219824234785404	-5.356142530095712	-5.271768391691116	1.8688491790228579	-5.2417754555903775	-5.340655420137016	0.5058870875337789	-0.2660891506065486	-0.279393608136876	-1.2920100855229233	-1.3566105897990695	-0.10406756673280526
Q8LEQ0_S103	RPP1C	sp|Q8LEQ0|RLA13_ARATH	Q8LEQ0	KKDEPAEEsDGDLGFGLFD	1	1	0	0	0	0	0	0	0	0	0	0	1	0	1	0	0	0	0	70088.3	8325.007	0	0	0	0	0	0	0	0	0	48162.305	78393.42	85401.484	0	0	12359.073	0	0.5603366207697302	-3.415128322656983	-3.585884738789832	-5.194721778749503	-5.3089415040276675	-5.289991059043582	-5.2565079391842	-5.281531737295436	-5.316472121083008	-5.24420764807168	-5.290885717393361	0.5844043929797422	-0.2029060958903699	0.042288913565924346	-0.2130514006848884	-5.239349525806307	-1.0923416241489061	-5.289910687621251
Q8LPK2_S559	ABCB2	sp|Q8LPK2|AB2B_ARATH	Q8LPK2	NPsILLLDEATSALDAESEK	0.9664	0	0	0	0	0	0	0	0	0	0	0.9664	0	0	0	0	0	0	0	0	0	0	0	214573.55	0	110420.05	120220.945	97983.31	104990.49	112721.79	100291.03	0	0	0	120753.6	113771.11	102579.445	-5.312537060930191	-5.269406262405179	-5.232202578601987	-5.252558454516163	2.7512219793920387	-5.267621248995602	1.0698103516253266	1.1513949698729444	1.3258798818842372	1.2773938004803487	0.925427701517485	1.7653448958559608	-5.362064248061325	-5.192102362887941	-5.2666715283644026	0.6973180394577341	0.7600608387821417	0.2840958269451299
Q8W4D8_S133	DDL	sp|Q8W4D8|DDL_ARATH	Q8W4D8	GGsEEPNVEEDSVAR	0.9575	0	0	0	0	0	0	0.9575	0.9531	0	0	0	0	0	0.9211	0	0	0	0	0	0	0	0	0	0	29644.285	52324.57	0	0	0	0	0	63267.53	0	0	0	0	-5.307874429036012	-5.274759056468143	-5.251611766346144	-5.340592113647809	-5.228809112868726	-5.252332908077696	-0.8273659024567213	-0.04873284002137801	-0.8687341975795573	-5.204536192167262	-5.215372580960149	-5.291571574435628	-5.289188681573214	0.16492776136610665	-5.314450353110638	-5.282759690895247	-5.2174568039176705	-5.175064193901743
Q93V62_S219	At4g27450	tr|Q93V62|Q93V62_ARATH	Q93V62	VDsEGVLCGANFK	1	1	1	1	1	1	0	1	1	1	1	1	1	1	1	0	1	1	1	53960.676	100062.14	47326.598	12263.62	9599.284	0	68198.055	182193.72	37881.184	282917.9	81895.87	17724.652	64639.746	46324.84	0	81427.81	37847.855	104291.84	0.30579572513149067	0.29489685970233737	0.14161520657171778	-0.9569721891035439	-1.7311796588409667	-1.817738641783015	0.3746106915734959	1.7511799363341023	-0.04517472277776946	2.707518603295499	0.46452387871618583	-0.7350184741927315	0.10228624853282575	-0.28475151857998426	-0.2989890945089835	0.12884534570432749	-0.8277899765867769	0.3079804390697376
Q93V62_S238	At4g27450	tr|Q93V62|Q93V62_ARATH	Q93V62	VDVYNRVNsIPR	0.9143	0	0	0	0	0	0	0	0	0	0	0.9143	0	0	0	0	0	0	0	0	0	0	0	0	0	0	0	0	0	33503.094	0	0	0	0	0	0	84244	-5.218254074689301	-5.356171427964051	-5.223580639174361	-5.212861106382346	-5.233803537276026	-5.307421062638456	-5.211449018558281	-5.228200471577333	-5.231541715264612	-5.283744904617729	-0.8249724858796093	-5.222379955592837	-5.259094950260225	-5.2680630575653185	-5.190319639656602	-5.226813375650205	-5.408376669152452	0
Q93VG5_Y84	RPS8A	sp|Q93VG5|RS81_ARATH	Q93VG5	LDVVyNASNNELVR	0.9609	0.9609	0	0	0	0	0	0.6252	0	0	0	0	0	0	0	0	0.6587	0	0	29158.57	0	0	0	60564.59	0	61170.41	45950.24	0	0	0	0	0	0	157680.48	32508.646	39549.176	0	-0.582192728352199	-5.28600166693639	-5.339044859264115	-5.235234962196969	0.9262961820222007	-5.286804520021305	0.21771404311669507	-0.2361489937849388	-0.24795644347418574	-5.219609304366506	-5.241283127464132	-5.263572528549164	-5.268929936072297	-5.282737901615189	1.5943320864352177	-1.1958527875054177	-0.7643538786909847	-1.2556454268806885
Q93VP3_S2	ELF5A-2	sp|Q93VP3|IF5A2_ARATH	Q93VP3	sDDEHHFEASESGASK	0.9668	0	0	0	0	0	0	0	0	0.9668	0.9632	0	0	0	0	0	0	0	0	104504.64	125980.625	126919.055	0	152311.16	254721.56	208981.86	173562.69	252479.53	612359.7	529476.9	811911.9	126772.234	163774.03	159540.52	396359.75	420761.8	444107.22	1.2166567871476186	0.5844768363921773	1.5220751315703058	2.0243727595506114	2.535270290136495	2.1309186942638014	1.947460300123245	1.6384379147787325	2.648712770233292	2.904830690901905	2.2635945424356088	3.8612027786729755	1.3525304769944242	1.815596136176362	1.8897497788316198	1.5210686012583494	1.7527011259072758	1.5045118130640773
Q93YQ1_S916	RAPTOR1	sp|Q93YQ1|RTOR1_ARATH	Q93YQ1	TPPVsPPR	0.8147	0	0	0	0	0	0	0	0	0	0	0	0	0	0	0.6611	0	0	0.8147	0	0	0	0	0	0	0	0	0	0	0	0	0	162497.45	112136.73	0	0	121616.5	-5.254699219405653	-5.320087257217532	-5.231034840958198	-5.284380226151198	-5.301872923761766	-5.2809802183216865	-5.170941103141793	-5.352574501749853	-5.28211758998076	-5.259345083026597	-5.291557483542774	-5.285238001078108	1.0474575726026556	1.5258076616770975	1.102586918529111	-5.2455571275837105	-5.253548840055384	0.5296931320423752
Q93YQ1_S931	RAPTOR1	sp|Q93YQ1|RTOR1_ARATH	Q93YQ1	VCsLEFRPH	1	0	0	0	0	0	0	0	0	0	0	0	0	0	1	0	0	0	0	0	0	0	0	0	0	0	0	0	0	0	0	0	60559.035	0	0	0	0	-5.298362269898501	-5.23630289878899	-5.255700361744516	-5.230357457008115	-5.331037727556687	-5.303070366393633	-5.274309669916156	-5.216721984578406	-5.291126112581488	-5.316318894030059	-5.226087269960146	-5.24140671127259	-5.325958097828215	-5.1623406824715	-5.189740822037652	-5.334121998716358	-5.157005721296375	-5.351130381509985
Q93ZG9_S209	FKBP53	sp|Q93ZG9|FKB53_ARATH	Q93ZG9	QIVAIEGAHVPVLEsEDEDEDGLPIPK	1	0	0	0	0	0	0	0	0	0	0	0	1	0	0	0	0	0	0	0	0	0	0	0	0	0	0	0	0	0	33806.383	0	0	0	0	0	0	-5.259572420227792	-5.3217385008573705	-5.283524998892705	-5.2821136494206185	-5.248530290421088	-5.320891525379524	-5.4025270305985496	-5.269465099438503	-5.302009534730349	-5.254135473582247	-5.307100034907958	-5.225061306197299	-5.263215172853734	-5.2345051438583265	-5.314421549723189	-5.275241167389704	-5.247473490107707	-5.269143470931693
Q93ZH7_S49	IQD2	sp|Q93ZH7|IQD2_ARATH	Q93ZH7	QSSSsPPPALAPR	0.9305	0	0	0	0	0	0	0	0	0	0	0	0	0	0	0	0	0	0.9305	0	0	0	0	0	0	0	0	0	0	0	0	0	0	0	0	0	96982.76	-5.181972671156691	-5.362819980142965	-5.226868268907542	-5.263953611585364	-5.217388854279477	-5.269614969101831	-5.401662256651873	-5.2436592520113585	-5.275593507595565	-5.314142310962429	-5.2974979892917435	-5.261891367072451	-5.142071372243768	-5.25526586579563	-5.313659362901402	-5.169494021107289	-5.2866005335922965	-5.306160849261789
Q944G9_S157	FBA2	sp|Q944G9|ALFP2_ARATH	Q944G9	DKGLVPLVGsNNESWCQGLDGLSSR;EQNIVPGIKVDKGLVPLVGsNNEsWCQGLDGLSSR;GLVPLVGsNNESWCQGLDGLSSR;LVPLVGsNNESWCQGLDGLSSR	0.9808	0.9739	0.9657	0.4905	0	0	0.9669	0	0.9764	0.4921	0	0	0.9808	0.5374	0.9772	0.4935	0	0.9294	0.4949	43653.965	78333.53	42823.26	0	0	0	26635.953	74110.5	39445.125	0	29422.88	48930.918	45215.88	27533.932	42710.906	33272.15	21417.021	31808.479	0	-0.05829747442175304	-0.0026413855720086588	-5.327036110420616	-5.298365002636906	-5.167916181284168	-0.9817450031926018	0.4534565679452509	0.013190862796152558	-1.0629447687521558	-1.0123283511925294	0.7299705730996511	-0.4133057385689458	-1.104611621038762	-0.28999558040407614	-1.162361161698115	-1.6492436929968637	-1.4051625512304895
Q944G9_S161	FBA2	sp|Q944G9|ALFP2_ARATH	Q944G9	EQNIVPGIKVDKGLVPLVGsNNEsWCQGLDGLSSR;GSNNEsWCQGLDGLSSR;LVPLVGSNNEsWCQGLDGLSSR	0.9772	0	0.9532	0	0	0	0	0	0	0	0.9059	0.9683	0	0	0.9772	0.9516	0.9101	0	0	32177.734	43747.69	0	0	0	0	0	0	0	0	0	0	0	1291.0549	0	0	0	0	-0.4400499637518429	-0.8987206068233764	-0.9436566371645452	-5.219346472739312	-5.227848205911163	-5.25734327928026	-5.250518504645567	-5.23521070844401	-5.253882070653664	-5.2569218827388005	-5.216983212667324	-5.27296717960648	-5.251924357203968	-5.309548162450249	-5.185476039247376	-5.195036613074218	-5.355287456068963	-5.275490528411989
Q944G9_S215	FBA2	sp|Q944G9|ALFP2_ARATH	Q944G9	AAIsQDsGLVPIVEPEILLDGEHDIDRTYDVAEK	0.9621	0	0	0.9481	0	0	0	0	0	0	0.9621	0	0	0	0	0	0.9614	0	0	0	0	3350.0444	0	0	0	0	0	0	4854.7173	0	0	0	0	0	5132.329	0	0	-5.237181741646972	-5.240537732606637	-3.6787838916599096	-5.226632108035012	-5.286957445329217	-5.324941215463692	-5.249601207494281	-5.341631805662298	-5.232906008307835	-3.157333757274772	-5.229526955744759	-5.359968687713383	-5.217728472004704	-5.275899149757306	-5.298365383251913	-3.858990695640319	-5.2423851722422325	-5.200643689137586
Q944G9_S218	FBA2	sp|Q944G9|ALFP2_ARATH	Q944G9	AAIsQDsGLVPIVEPEILLDGEHDIDRTYDVAEK	0.9621	0	0	0.9481	0	0	0	0	0	0	0.9621	0	0	0	0	0	0.9614	0	0	0	0	3350.0444	0	0	0	0	0	0	4854.7173	0	0	0	0	0	5132.329	0	0	-5.186418037769955	-5.324701846291991	-3.6787838916599096	-5.286559292801216	-5.257355470391293	-5.261373590704822	-5.286926345247342	-5.381780163804591	-5.278593662857909	-3.157333757274772	-5.323764726099759	-5.2630182808543164	-5.306560395074543	-5.270555098494831	-5.301750673038976	-3.858990695640319	-5.285091892941675	-5.283563082530452
Q944G9_S50	FBA2	sp|Q944G9|ALFP2_ARATH	Q944G9	ASsYADELVK	0.9215	0	0	0	0	0	0	0	0	0	0.9215	0	0	0	0	0	0	0	0.884	0	0	0	0	0	0	0	47323.832	0	42599.02	0	0	0	0	0	0	0	71402.12	-5.198256208882658	-5.228852729140417	-5.276289003895064	-5.32598588949465	-5.212297639935935	-5.3364949038237075	-5.323797990901846	-0.1936544913779059	-5.303484786273174	-0.023972708119659458	-5.313290219956304	-5.30985742254207	-5.200314347180295	-5.269983924531882	-5.30046809216537	-5.231088434658633	-5.2547928631866725	-0.23860702883352403
Q944G9_T361	FBA2	sp|Q944G9|ALFP2_ARATH	Q944G9	WGGRPENVNAAQtTLLAR	0.9753	0.9753	0	0	0	0	0	0	0	0	0.9613	0	0	0	0	0.9446	0	0	0	1235.6095	0	0	0	0	0	0	0	0	0	0	0	0	0	0	0	0	0	-5.3256793807491976	-5.292722800505064	-5.23798791276193	-5.167158771248322	-5.1855773830024905	-5.222785168370711	-5.26532802761674	-5.350964342583065	-5.301217223166615	-5.275445237749865	-5.2401642110548305	-5.2617048732947085	-5.261758941836288	-5.1727563891537685	-5.245291999511841	-5.278702080715249	-5.286100431380695	-5.25990829770592
Q944G9_Y337	FBA2	sp|Q944G9|ALFP2_ARATH	Q944G9	NRVPPAVPGIMFLSGGQSEVEATLNLNAMNQAPNPWHVSFSyA	0.9428	0	0	0	0	0	0	0	0	0	0	0.9428	0	0	0	0	0	0	0	0	0	0	0	0	0	0	0	0	0	1155.5178	0	0	0	0	0	0	0	-5.305341114929587	-5.196265040611243	-5.279051345987028	-5.291102165656392	-5.308325190645365	-5.217879890862483	-5.328537910633627	-5.2881115364294775	-5.249048730815533	-5.2700906595646915	-5.252135023615865	-5.330484214192827	-5.286178316940886	-5.349880029361823	-5.3067814127432396	-5.20726201471708	-5.252032967687056	-5.2604101851762906
Q96327_S2	EBP1	sp|Q96327|EBP1_ARATH	Q96327	sSDDERDEKELSLTSPEVVTK	0.891	0	0	0.891	0.4915	0	0	0.4843	0.4913	0.4804	0.4867	0.4829	0.4894	0	0	0	0.481	0.4833	0.4921	0	0	28622.672	65036.867	98825.51	0	78235.63	119623.24	47043.95	207453.89	66078.445	101286.07	18967.785	33778.008	28277.871	230591.92	55527.066	93908.64	-5.311355851008576	-5.292515524790498	-0.5838776556672034	1.4499006719851728	1.6327051304823499	1.3774056383859141	0.5727058852831082	1.144204403009775	0.2673530531402477	2.2599258551187003	0.1549129167121066	1.7795880904797023	-1.6665840654748525	-0.7404532617731618	-0.8849265758918374	1.6305938004829947	-0.2748103481683053	0.1566839593776912
Q96327_S3	EBP1	sp|Q96327|EBP1_ARATH	Q96327	SsDDERDEKELSLTSPEVVTK	0.9583	0	0	0	0	0.9566	0.9583	0	0.9332	0	0	0	0	0	0	0	0	0	0	36075.63	30174.459	0	0	102032.13	104601.555	0	196906.28	0	0	0	0	0	0	0	0	0	0	-0.27508810766326697	-1.4345995424279074	-1.5063295195493027	1.5948345967072928	1.6787732596918872	1.737896759282485	-5.315493060453555	1.8632158286571698	-5.261998281991459	-5.226417864175153	-5.249714803713441	-5.295555331893176	-5.2370351788038	-5.245279119539068	-5.222513997369998	-5.286705923799346	-5.3236428131451525	-5.268902997750457
Q9ASR1_S23	LOS1	sp|Q9ASR1|EF2_ARATH	Q9ASR1	MsVIAHVDHGK	1	0	1	1	0	0	0	0	0	0	0	0	0	0	0	0	0	0	0	3638.2368	0	0	0	0	0	0	1492.5663	0	0	0	0	0	0	0	0	0	0	-3.5848013457447525	-5.249535659729886	-5.186719857926299	-5.268157670847779	-5.2433225737591265	-5.268837704396326	-5.156854657444425	-5.180354467836761	-5.1977761415133985	-5.276289766852279	-5.271044748979886	-5.265758814696104	-5.259011840263287	-5.29292931500714	-5.2606395251202915	-5.299463114811964	-5.319484651130115	-5.22445251659479
Q9C514_S121	RPS7A	sp|Q9C514|RS71_ARATH	Q9C514	LTsVHEAILDDVVLPAEIVGKR;TLTsVHEAILDDVVLPAEIVGKR	0.9632	0	0.6631	0	0	0	0	0	0	0.9632	0	0.9333	0	0	0.9526	0	0.9035	0.936	0.9459	0	0	0	0	0	0	0	0	0	8902.091	0	10512.581	13715.308	0	0	8235.219	0	8662.349	-5.231842338485781	-5.293076078349743	-5.20103525240811	-5.2743017402703645	-5.278857805411957	-5.312358130129479	-5.265892076784224	-5.271523842725393	-5.261298624926462	-2.2825767957649994	-2.3967056355532494	-1.4886588599688029	-2.1343482598787684	-5.242416126490918	-5.219344525070216	-3.176797334568098	-3.4458309216546605	-3.2817437349092007
Q9C8E6_S328	PMI1	sp|Q9C8E6|PMI1_ARATH	Q9C8E6	TSFSVPsPK	0.9514	0	0.933	0.9452	0	0	0	0.9336	0.9492	0	0.9514	0.9139	0	0	0.9319	0	0.9423	0	0.9078	0	0	63285.78	9815.652	0	0	52602.082	60818.297	0	310658.34	64674.89	0	0	56432.94	0	53944.9	0	144277.8	-5.248304016159487	-5.215046463144912	0.5608453563586018	-1.2782010823025836	-5.211404515781162	-5.411198647251545	0	0.16828402881849414	0	2.8424639311555016	0.12393887512793	0.1177419313715335	-5.282813231631904	0	-5.236177917577888	-0.46518968341903566	-0.48844916758998747	0.776203485782883
Q9C9P3_S217	KJC1	tr|Q9C9P3|Q9C9P3_ARATH	Q9C9P3	RVsSFEALQPATR	0.9099	0	0	0	0	0	0	0	0	0	0	0	0	0	0	0	0	0	0.9099	0	0	0	0	0	0	0	0	0	0	0	0	0	0	0	0	0	110415.52	-5.320656318097768	-5.312707062412721	-5.250987720886906	-5.286745708914524	-5.351248935366442	-5.2193818022836975	-5.306716526557855	-5.245357151736218	-5.244053038759666	-5.188611112330399	-5.254846332709475	-5.231394026840677	-5.2076449898701105	-5.284993600884896	-5.347452612166981	-5.257528042657961	-5.198378829067075	-5.334988427514494
Q9C9P3_S218	KJC1	tr|Q9C9P3|Q9C9P3_ARATH	Q9C9P3	VSsFEALQPATR	0.9254	0	0.9254	0	0.8865	0	0	0	0.8907	0	0	0	0	0	0.6948	0	0	0	0	0	73480.65	0	17868.137	0	0	0	55312.566	0	0	0	0	0	48656.453	0	0	0	0	-5.214067963732759	-0.15056305906606937	-5.267681086630407	-0.41396786727689516	-5.259700473268502	-5.28213563435781	-5.212831880503	0.031385880960367984	-5.193466720525435	-5.186132104913207	-5.31304458113588	-5.226710252265376	-5.283484027205423	-0.21390635867479446	-5.313845015178276	-5.245179789427356	-5.265572080169929	-5.225088314228015
Q9C9W5_S229	HPR	sp|Q9C9W5|HPR1_ARATH	Q9C9W5	ASsMEEVLR	0.899	0	0	0	0	0	0	0	0	0	0.899	0	0	0	0	0	0	0	0.8469	0	0	0	0	0	0	0	0	0	51506.43	0	0	0	0	0	0	0	62951.273	-5.175054650700665	-5.2128387002357	-5.299458825260536	-5.25769341123405	-5.194012269787889	-5.205952664667734	-5.343913623615731	-5.217353048450827	-5.28170024873845	0.24995959840101456	-5.295942679017702	-5.319734655931652	-5.280264317486192	-5.230241719213335	-5.192910950589148	-5.257729189572506	-5.268327163803603	-0.420338386371645
Q9C9W5_S365	HPR	sp|Q9C9W5|HPR1_ARATH	Q9C9W5	KGYPIWHDPNRVDPFLNENAsPPNASPSIVNSK	0.9813	0.9727	0.9579	0.9662	0.9763	0.9599	0.9536	0.9799	0.9714	0.9637	0.9727	0.9746	0.9813	0.9732	0.9742	0.9677	0.972	0.9554	0.9767	2073.0686	0	2285.563	9207.232	4635.245	1527.1694	0	395.1054	0	1122.7074	2617.4197	0	0	6899.851	740.7723	1161.9974	1505.055	0	-4.418572003688514	-4.639500603872939	-4.252713671460274	-1.3928166352974536	-2.8037599372354016	-4.382302733504826	-5.274791341388107	-7.120139058729151	-5.216984577695408	-5.292038070947546	-4.760510312410132	-5.5566399744949235	-6.469811568982259	-0.5564562166672644	-6.161725303792627	-6.0242966235386195	-5.502412393803791	-6.32551145471555
Q9C9W5_Y347	HPR	sp|Q9C9W5|HPR1_ARATH	Q9C9W5	KGyPIWHDPNRVDPFLNENASPPNASPSIVNSK	0.9743	0.9484	0.6181	0	0	0	0	0	0	0.9408	0.9521	0.9545	0	0.9598	0.5785	0.7454	0.9718	0.9743	0	726.86804	0	0	0	0	0	0	0	2257.049	0	0	0	0	0	0	0	0	0	-5.908275414235218	-5.318734216854618	-5.2521736092549505	-5.213593445453926	-5.211581968925834	-5.243821033978878	-5.322792852051015	-5.305728780973249	-4.114146502070339	-5.300698957368287	-5.336838142917365	-5.262673527760345	-5.203527210284176	-5.387009240314002	-5.22675514988344	-5.274807627188692	-5.303131236842267	-5.226174103911986
Q9C9X0_S435	MAP70.1	sp|Q9C9X0|MP701_ARATH	Q9C9X0	NsFTSNSTSVLK	0.8606	0	0.8606	0	0	0	0	0	0	0	0	0	0	0	0	0	0	0	0	0	105759.11	0	0	0	0	0	0	0	0	0	0	0	0	0	0	0	0	-5.232255286540539	-5.259863675551573	-5.310656712140985	-5.299917633344412	-5.345536247596396	-5.170629849064167	-5.272454262524897	-5.302400231921578	-5.372722166690995	-5.286147628497536	-5.292130939714496	-5.334790338626733	-5.145475953326282	-5.2210273269335925	-5.341457838841229	-5.207975781913281	-5.2124325364516	-5.235183010045236
Q9C9Z6_S218	F17O14.7	tr|Q9C9Z6|Q9C9Z6_ARATH	Q9C9Z6	SVAsAPSLAPPGIES	0.9478	0	0	0	0	0	0	0	0	0	0	0	0	0	0	0	0.9478	0	0	0	0	0	0	862658.25	188459.58	0	0	0	420228.97	0	0	257337.72	494131.03	361802.5	136920.22	0	115524.47	-5.244719357737773	-5.257427085249759	-5.233716483602129	2.4578852144627032	4.7585388657924845	2.5872475941712665	-5.316305499787422	-5.2971423513963005	-5.3147749073921355	3.278310768283932	-5.272968592481941	-5.257341729726695	2.095455754001719	3.130284238635584	2.7925303899780562	0.8785873545604979	0.43277499553113596	0.45555262687487996
Q9CAD1_T10	At1g63660	tr|Q9CAD1|Q9CAD1_ARATH	Q9CAD1	ETPtMKPDtVLILDYGSQYTHLITR	0.7867	0	0.7867	0	0	0	0	0	0	0.5876	0	0	0	0	0	0	0	0	0	0	0	0	0	0	0	0	0	10901.749	0	0	0	0	0	0	0	0	0	-5.234571718275379	-5.238221768207875	-5.1923897524444484	-5.23480908011107	-5.201858698418038	-5.209802442342256	-5.2940975651374655	-5.227109480407176	-5.241998827431637	-5.258715632774072	-5.309843929897777	-5.235275421647801	-5.261488107070954	-5.282416337229355	-5.218549757261576	-5.215058276052738	-5.220996349392841	-5.395226717537882
Q9CAD1_T3	At1g63660	tr|Q9CAD1|Q9CAD1_ARATH	Q9CAD1	EtPtMKPDTVLILDYGSQYTHLITR	0.939	0.8363	0	0	0	0	0	0	0.939	0	0.8651	0	0	0	0	0	0	0.9	0	6173.7656	0	5042.1885	0	0	0	0	9419.809	0	8197.404	0	0	0	0	0	0	0	0	-2.8218900826811026	-3.2433597571952952	-3.0889140544717097	-5.309540386118019	-5.217812778552285	-5.301941361222566	-5.2442475629953895	-2.522451678017436	-5.255528910850378	-2.4015539430370882	-5.209304429923375	-5.3001931280014984	-5.267564662950552	-5.247428373646883	-5.201041822109066	-5.273543586244618	-5.2501542446336025	-5.331816954782712
Q9CAD1_T5	At1g63660	tr|Q9CAD1|Q9CAD1_ARATH	Q9CAD1	ETPtMKPDtVLILDYGSQYTHLITR;EtPtMKPDTVLILDYGSQYTHLITR	0.939	0.8363	0.795	0	0	0	0	0	0.939	0.7452	0.8667	0	0	0	0	0	0	0.9	0	6173.7656	0	5042.1885	0	0	0	0	9419.809	10901.749	8197.404	0	0	0	0	0	0	0	0	-2.8218900826811026	-3.2433597571952952	-3.0889140544717097	-5.233022042985608	-5.254333559178362	-5.232709177356989	-5.285208072730912	-2.522451678017436	-5.180406713419223	-2.4015539430370882	-5.271665849694632	-5.258617607040013	-5.269958503297489	-5.222359299918068	-5.30309699567867	-5.2546014242190715	-5.2359460645591165	-5.326936538881666
Q9FF53_S283	PIP2-4	sp|Q9FF53|PIP24_ARATH	Q9FF53	ALGSFGsFGSFR	0.918	0	0	0	0	0	0	0.845	0	0.5231	0	0	0	0	0	0	0	0	0.918	0	0	0	0	0	0	26272.062	0	50452.42	0	0	0	0	0	0	0	0	78390.93	-5.253288604075348	-5.294364647595949	-5.193234005194406	-5.22942964103281	-5.350931239952522	-5.2187103053858666	-1.0015904659013248	-1.051669989196391	0.3682673246585537	-5.253787498143607	-5.292740782577476	-5.282453825873257	-5.328281652813099	-5.24536470189982	-5.346600701383229	-5.271687683346074	-5.241915764090668	-0.10388719771272292
Q9FF53_S286	PIP2-4	sp|Q9FF53|PIP24_ARATH	Q9FF53	ALGSFGSFGsFR	0.9355	0	0	0	0	0	0	0.9041	0.8969	0	0.9353	0	0	0	0.9355	0	0	0	0.8473	0	0	0	0	0	0	39711.336	28644.744	0	38044.06	0	0	0	91516.695	0	0	0	69008.48	-5.260505376382763	-5.221715878366995	-5.262147139254732	-5.149227339271164	-5.307647703219333	-5.187718736049212	-0.40556900482038394	-0.9179509462093698	-0.9638484935198383	-0.1871217329550472	-5.345397853349963	-5.318540367397984	-5.309742571834956	0.6974974401438896	-5.340730162540659	-5.190439852229128	-5.212989378476018	-0.28780028264921853
Q9FFV8_S108	MBB18.19	tr|Q9FFV8|Q9FFV8_ARATH	Q9FFV8	DFPDGSTTAsPGR	0.9323	0	0	0	0	0	0	0	0.9323	0	0	0	0	0	0	0	0	0	0	0	0	0	0	0	0	0	45542.246	0	0	0	0	0	0	0	0	0	0	-5.196111219561337	-5.295120616555402	-5.260394689817064	-5.208749169928329	-5.211648055074826	-5.236667705803903	-5.256767167437483	-5.322883205598348	-5.249190234673004	-5.273599235226201	-5.297400773083589	-5.185866681282497	-5.299744731351581	-5.252530725013876	-5.238872756659463	-5.212116806380288	-5.24630932467171	-5.1660137787338405
Q9FFV8_S88	MBB18.19	tr|Q9FFV8|Q9FFV8_ARATH	Q9FFV8	VAVAGAAASAVsPSSFSYSSR	0.9541	0	0	0	0	0	0	0.9541	0	0	0	0	0	0	0	0	0	0	0	0	0	0	0	0	0	86674.93	0	0	0	0	0	0	0	0	0	0	0	-5.24241770708779	-5.289098552907043	-5.259548967690734	-5.231218082202054	-5.374199984891047	-5.2694527470498675	-5.262598259056717	-5.276604588177417	-5.262106117658179	-5.3642648624928695	-5.247362730245294	-5.26452307734246	-5.289295969520834	-5.407895480612042	-5.285235181327408	-5.2587641175799025	-5.268232582870916	-5.2951094159302565
Q9FG81_S216	MQD19.19	tr|Q9FG81|Q9FG81_ARATH	Q9FG81	VDsSGDVCGATFK	0.9576	0.9501	0.8732	0.9326	0.9576	0.953	0.4943	0.9399	0.9309	0.9255	0.9485	0.9455	0.9475	0.9142	0.921	0.9195	0.9368	0.9432	0.8561	72647.07	102521.805	82975.86	14547.359	8415.657	11867.068	54684.39	129238.98	37832.773	142572.47	72256.336	21892.15	60215.516	50349.754	52219.914	99524.34	91714.44	142686.33	0.7347919154533447	0.3299314314983661	0.9516556638276921	-0.7105998257563773	-1.921030554276017	-1.4019721024450522	0.056009162712870264	1.2557479738111166	-0.047019622236456726	1.7188305772474397	0.28385727990425025	-0.4303621298266105	0	-0.164552782462966	0	0.4183731431776998	0.44914738172957414	0.7602012807933498
Q9FG81_S243	MQD19.19	tr|Q9FG81|Q9FG81_ARATH	Q9FG81	VDsSQNWAGHI	0.9377	0.5072	0.9361	0.7702	0	0	0	0.9116	0.6507	0.9228	0.9289	0.5	0.5	0	0	0	0.9377	0	0.9143	57430.203	78412.32	68861.46	0	0	0	72150.29	61668.477	40977.48	138704.42	25494.424	8045.7803	0	0	0	72745.85	0	53283.77	0.39569696442977076	-0.056847101708918046	0.6826607559294846	-5.248592280080421	-5.310199021084651	-5.229710492116543	0.4558852906985411	0.1883118265588557	0.06817511876075777	1.6791489072392647	-1.2190850767551353	-1.874471527496251	-5.22338792572286	-5.216797373886773	-5.224732230964252	-0.03381130826970491	-0.6939216662587302	-0.6608777773892669
Q9FG81_S244	MQD19.19	tr|Q9FG81|Q9FG81_ARATH	Q9FG81	VDSsQNWAGHI	0.898	0	0	0	0	0	0	0.898	0	0	0	0	0	0	0	0	0	0	0	0	0	0	0	0	0	52438.402	0	0	0	0	0	0	0	0	0	0	0	-5.282280904985018	-5.265921885894305	-5.202420875897774	-5.234127446555033	-5.247330392849486	-5.2007155589347835	-5.2960168365759985	-5.263411380902443	-5.199599094350654	-5.277164029210901	-5.257924627242746	-5.27200820601306	-5.202978014775541	-5.257903245364135	-5.261312529861781	-5.298735649908083	-5.285597691495211	-5.343135254936615
Q9FJP3_T75	RPL29	sp|Q9FJP3|RK29_ARATH	Q9FJP3	tEQLQEEVVDLK;tEQLQEEVVDLKGELFMLR	1	1	1	1	0	0	0	1	1	1	1	1	0	1	1	1	1	1	1	430104.38	403472.28	283744.28	0	0	0	269474.78	351454.34	288104.06	425903.38	382934.9	295705.84	429239.94	411459.88	345124.5	423891.62	456496.16	1295.2263	3.300502221203116	2.2855613850902863	2.72548339099078	-5.244195217443778	-5.222284384835787	-5.331543759960139	2.510337962548677	2.699043974735874	2.853289156880308	3.2976613247232773	2.689760425678699	3.3253150543907246	2.8288423676057555	2.6781360712543414	2.7244449058888787	2.5089472847538232	2.7645293039322993	-6.023297848210396
Q9FKA5_S337	At5g39570	sp|Q9FKA5|Y5957_ARATH	Q9FKA5	sGSGDDEEGSYGR	0.8431	0	0.4926	0.4899	0	0	0	0	0.4891	0.4938	0.4905	0	0.496	0	0	0	0	0	0.8431	0	43423.46	42980.355	48492.086	0	0	0	49824.516	38730.37	39316.676	0	60611.28	0	0	0	0	0	36481.49	-0.9549254004817928	-0.9094527623636122	0.0026413855720086588	1.026392227336654	-5.2446068080506265	-5.248227749607564	-0.12533387991241146	-0.11936559991658235	-0.013190862796154335	-0.13965159420678575	-0.14663417391712502	1.0388105334288582	-5.254908494480506	-5.261101413976909	-5.182927881437531	-5.248024190603552	-5.1945839133385086	-1.2074092846094882
Q9FKA5_S339	At5g39570	sp|Q9FKA5|Y5957_ARATH	Q9FKA5	SGsGDDEEGSYGR	0.9719	0.9666	0.9609	0	0.9432	0.7998	0.9611	0.97	0.9159	0	0.9645	0.9719	0	0	0	0	0.9533	0.9571	0.9664	42879.91	44079.19	0	54574.652	126868.836	104827.37	31189.566	54131.27	0	38500.273	45370.496	60611.28	15083.705	18045.414	15633.373	31727.385	34047.36	36481.49	-0.025810819086180103	-0.8878297342968651	-0.9322212210117083	1.1968739371562123	1.9930874598974349	1.7410079083934349	-0.7540564249002646	2.4084564356918747e-4	-0.7917592461452778	-0.1699242736392108	-0.38751238840062463	1.0388105334288582	-1.99714444022203	-1.64490526986593	-1.7399709991208638	-1.230947637960723	-0.9804585780403112	-1.2074092846094882
Q9FMD7_S345	At5g16590	sp|Q9FMD7|Y5659_ARATH	Q9FMD7	SFGEFDLDGLLKAsAEVLGK	0.93	0	0	0	0	0	0	0	0	0	0	0	0	0	0	0.93	0	0	0	0	0	0	0	0	0	0	0	0	0	0	0	0	0	59172.293	0	0	0	-5.242123693439508	-5.24030836469552	-5.291661417238093	-5.1301291736948	-5.267665348266982	-5.289548337875538	-5.2455536869865345	-5.24421553556062	-5.228487248343068	-5.310420773201139	-5.271533799058494	-5.185959880588849	-5.288820429634654	-5.282484070138045	-5.234163430771387	-5.294976301850868	-5.207948944312654	-5.243551130036152
Q9FMF5_S222	RPT3	sp|Q9FMF5|RPT3_ARATH	Q9FMF5	APSPSTTNFAGsSPR	0.9268	0	0	0	0	0	0	0.4848	0.9268	0	0	0	0	0	0	0	0	0	0	0	0	0	0	0	0	34438.8	47900.836	0	0	0	0	0	0	0	0	0	0	-5.260197058912159	-5.344260244180697	-5.282032895194668	-5.162959745261249	-5.278969802262129	-5.231955605333406	-0.6110850290414298	-0.1761705554372348	-0.6416392804935013	-5.31091192533099	-5.344209696445218	-5.229204621000046	-5.192208204667662	-5.3418935599517186	-5.222371082071446	-5.248127920948598	-5.282983910025473	-5.177210295311708
Q9FMF5_S223	RPT3	sp|Q9FMF5|RPT3_ARATH	Q9FMF5	APSPSTTNFAGSsPR	0.9287	0	0	0	0	0	0	0	0.9287	0	0	0	0	0	0.8783	0	0	0	0	0	0	0	0	0	0	0	54122.234	0	0	0	0	0	70986.33	0	0	0	0	-5.314931792555316	-5.270546509424609	-5.2312492671556114	-5.318798245554158	-5.209376154193206	-5.27038221357924	-5.203217129261061	0	-5.2658393852871	-5.301429817813525	-5.331700286139192	-5.333327839101108	-5.272127399181213	0.3310037163199464	-5.364988342442374	-5.342652971353421	-5.166539466024962	-5.273590455662798
Q9FRL0_S20	At1g75190	tr|Q9FRL0|Q9FRL0_ARATH	Q9FRL0	ETSSVAEASsPTESQATR	0.9758	0.9508	0	0	0	0	0	0.9724	0.9721	0.9599	0.9655	0	0.9758	0.9218	0.8889	0.9685	0.9607	0.9685	0.8871	13447.166	0	12114.082	0	21855.906	17614.953	17777.586	14798.891	19449.023	20567.877	15710.107	28776.646	17635.43	17069.748	19188.38	18811.664	22542.744	59250.152	-1.6988105410449545	-1.9155684777558963	-1.8243509311960917	-0.8737417593492675	-0.5441551808981977	-0.8321350089040642	-1.565060467379535	-1.87073232341959	-1.0069584617670735	-1.0744000617234768	-1.9175738133071345	-0.03587732487145878	-1.7716585274972996	-1.7250957518849663	-1.4443671661397435	-1.985048786686482	-1.5753383781492474	-0.5077550836780862
Q9FRL5_T304	ZHD5	sp|Q9FRL5|ZHD5_ARATH	Q9FRL5	KPPtPTTTL	0.9531	0	0.9367	0.9427	0	0	0	0	0	0.5946	0.9531	0.9284	0	0	0	0	0	0.9507	0.9394	0	445632.25	114942.06	0	0	0	0	0	36372.645	329086.66	303903.1	0	0	217361.7	224022.9	0	79886.26	363594.44	1.3507089475731449	2.4498542904102187	1.4217988921822577	-5.1967935108244445	-5.1822249421256075	-5.258700315952835	-5.264493513665636	-5.254852372186284	-0.10380230497267462	2.92560269139131	2.356272666179006	2.2384590328700558	1.8482139202037435	1.945488337056572	2.100974227731955	0.23744857974929	0.24994587342030528	2.10968429446212
Q9FX54_S155	GAPC2	sp|Q9FX54|G3PC2_ARATH	Q9FX54	PMFVVGVNEHEYKSDLDIVSNAsCTtNCLAPLAK	0.9118	0	0	0	0	0	0	0	0.9118	0.585	0	0	0	0	0	0	0	0	0	0	0	0	0	0	0	1071.5293	0	1521.6458	0	0	0	0	0	0	0	0	0	-5.2306875691459815	-5.224618302234297	-5.365434573471321	-5.262304745078182	-5.2340197141395235	-5.273175468535186	-5.617376697922431	-5.898245532818553	-4.682951665881605	-5.253386568260927	-5.220054337426263	-5.272055199420339	-5.187815428963993	-5.242043576738978	-5.344459257111043	-5.274032809084202	-5.236292821076069	-5.256540588644336
Q9FX54_T157	GAPC2	sp|Q9FX54|G3PC2_ARATH	Q9FX54	PMFVVGVNEHEYKSDLDIVSNASCttNCLAPLAK	0.9577	0	0	0.8331	0	0	0.9165	0.8183	0	0	0	0	0.8731	0	0	0	0.7275	0.9577	0.9192	0	0	0	0	0	3101.3743	976.4418	0	0	0	0	0	0	0	0	508.68237	0	0	-5.333273695128807	-5.358872170067083	-5.268076894890752	-5.230309197789871	-5.300074580921124	-3.3379560761883127	-5.751442036516565	-5.245790681041709	-5.235636657518792	-5.215943239862849	-5.2353019190159635	-5.252410605541345	-5.342974729691101	-5.290080951887209	-5.221760601786297	-7.193767351753138	-5.2420812085217765	-5.309569756325173
Q9FX54_T158	GAPC2	sp|Q9FX54|G3PC2_ARATH	Q9FX54	PMFVVGVNEHEYKSDLDIVSNASCttNCLAPLAK;PMFVVGVNEHEYKSDLDIVSNAsCTtNCLAPLAK	0.9577	0	0	0.8339	0	0	0.9214	0.8113	0.9122	0.7775	0	0	0.8998	0	0	0	0.7275	0.9577	0.9178	0	0	0	0	0	3101.3743	2047.9711	0	1521.6458	0	0	0	0	0	0	508.68237	0	0	-5.2487239872382725	-5.269372770011505	-5.201459128236412	-5.266375012746448	-5.284082995988913	-3.270930952223358	-5.684403477328493	-5.9686236511949176	-4.749971884041278	-5.277697286077983	-5.308546270186872	-5.200036972957184	-5.2564151518021385	-5.294834898268091	-5.244744349442441	-7.126742226370174	-5.221726938209583	-5.285770167910986
Q9FXI5_S706	IQD32	sp|Q9FXI5|IQD32_ARATH	Q9FXI5	RTsFGYDQEAR	0.9527	0	0	0	0	0	0	0.9474	0	0	0.9527	0.9413	0	0	0.9313	0	0.929	0	0.9335	0	88431.52	39518.324	0	0	0	418119.28	374151.2	65266.176	450908.94	288192.3	42915.375	197937.39	514281.8	289316.94	314951.84	201908.78	809922.1	-0.18721541469069952	0.0568471017089216	-0.17830039494352334	-5.2799489889540014	-5.26763394520794	-5.364768153880136	2.3998921543155465	2.187940638861841	0.6798931747354171	2.8191137926646572	1.660244197942884	-0.00974699837780868	1.6570508008916853	2.643065653748044	1.9060336923878776	3.3061161964435968	1.5278440039212136	2.7005528453873033
Q9FXI5_T705	IQD32	sp|Q9FXI5|IQD32_ARATH	Q9FXI5	RtSFGYDQEAR	0.9494	0.4959	0	0	0	0	0	0.9494	0	0.4954	0.4945	0	0	0	0.4901	0.4949	0.495	0.4938	0.8103	53114.695	0	0	0	17307.854	27931.799	38419.11	44178.14	63118.195	256601.02	0	29701.232	0	252658.73	209090.62	313481.53	71425.41	561251.6	0.2829983632659143	-5.256902723414644	-5.262546433106732	-0.9247890840994548	-0.8807515086661475	-0.1670271382656594	-0.45329580422108684	-0.2928887113397014	0.6913998023651367	2.5666620506708195	0.009259648458918246	0.00974699837780868	1.9013835381218807	2.162580612518328	2.001456355917769	2.073632282478062	0.08843589721214684	2.7360018087654367
Q9LD43_S741	CAC3	sp|Q9LD43|ACCA_ARATH	Q9LD43	ELAAEEsDGSVKEDDDDDEDSSESGKSEMVNPS	0.9617	0	0	0	0	0	0	0	0	0	0	0	0	0	0.9617	0	0	0	0	0	0	0	0	0	0	0	0	0	0	0	18506.033	10590.167	11868.793	8117.2866	0	0	0	-5.277776504422224	-5.315734207398632	-5.2114066893107704	-5.287554086376292	-5.257909348838552	-5.159035164697452	-5.2942662292518365	-5.298111439184805	-5.256980607435943	-5.278944125062479	-5.289309366442565	-0.6727801079388165	-2.5074099406739947	-2.249364284768296	-2.6855306244195134	-5.244185967513111	-5.253206721943173	-5.318405826148383
Q9LE80_S218	MJK13.11	tr|Q9LE80|Q9LE80_ARATH	Q9LE80	IDsEGVLCGASFK	0.9604	0	0	0	0	0	0	0	0.9522	0	0.9604	0	0	0	0	0	0.9536	0	0.9525	0	0	0	0	0	0	0	49050.91	0	49393.36	0	0	0	0	0	100174.63	0	72115.97	-5.3337120872044395	-5.234762882410232	-5.306647976589904	-5.312445797484884	-5.202863640948888	-5.260875336874037	-5.291653189864255	-0.14194148878236668	-5.22599763851114	0.1895241624421704	-5.199459518291041	-5.215419045777052	-5.315260620016825	-5.294975995768436	-5.248838241707173	0.4277690201241313	-0.2354679187813499	-0.22425516074414276
Q9LF79_S7	ACA8	sp|Q9LF79|ACA8_ARATH	Q9LF79	TSLLKsSPGR	0.7606	0	0	0	0	0	0	0	0.4878	0.7606	0	0	0	0	0	0	0	0	0	0	0	0	0	0	0	0	51785.137	45482.145	0	0	0	0	0	0	0	0	0	-5.33290909991478	-5.283772858458899	-5.265389181540104	-5.267945451082465	-5.25350292353943	-5.255515436148571	-0.06686747053803481	-0.06368330527431887	0.2186441486798696	-5.220141482371059	-5.2673281367235205	-5.30616745025827	-5.270725999373772	-5.275157446654259	-5.262695066396878	-5.190625034608708	-5.236341541562914	-5.1751955265509455
Q9LF79_S8	ACA8	sp|Q9LF79|ACA8_ARATH	Q9LF79	TSLLKSsPGR	0.927	0	0	0	0	0	0	0	0	0	0.927	0.7655	0	0	0.8517	0	0	0	0.7174	0	0	0	0	0	0	0	0	0	35252	89096.64	0	0	51345.06	0	0	0	80481.29	-5.20897215192478	-5.174970818050122	-5.332901989477339	-5.300046543732503	-5.292488761776891	-5.280178599170152	-5.283483511268933	-5.241748244061173	-5.327732001954073	-0.2970878392026908	0.5861042060325659	-0.3119422311628253	-5.291047802642823	-0.13631203300753825	-5.292515255572443	-5.283396480793318	-5.294894543531569	-0.06592050910792224
Q9LF98_S266	FBA8	sp|Q9LF98|ALFC8_ARATH	Q9LF98	TVPAAVPAIVFLsGGQSEEEA	0.8984	0	0	0.4943	0.8984	0	0	0	0	0	0	0.4955	0	0	0.4966	0	0	0	0.4968	0	0	881.52594	2005.5137	0	0	0	0	0	0	0	0	0	0	0	0	0	954.07367	-5.204518190955883	-5.226230882812242	-5.604889179812824	-3.5693133620289856	-5.252756993320448	-5.335425951551951	-5.117985825152215	-5.2179232566146005	-5.202980318396223	-5.3592437805724185	-5.275807109138413	-5.226268168064471	-5.245276861569374	-5.2342178929046	-5.2351486140687005	-5.286431582146789	-5.277213039407466	-6.464329458503572
Q9LF98_S270	FBA8	sp|Q9LF98|ALFC8_ARATH	Q9LF98	TVPAAVPAIVFLSGGQsEEEA	0.9671	0.9671	0	0	0	0.9585	0.9386	0	0	0	0	0	0	0	0	0.5251	0	0.6464	0	770.7075	0	0	0	2854.894	0	0	0	0	0	0	0	0	0	0	0	0	0	-5.823785456255932	-5.310988013668682	-5.210302754319844	-5.361872505277727	-3.4806692792222105	-5.278705566399334	-5.224070666648948	-5.275059728832918	-5.192136678484175	-5.222599885574748	-5.307961435588985	-5.267668434817564	-5.264097986820028	-5.251218971912928	-5.291082569778687	-5.295528236550852	-5.2777931702336005	-5.219057185932244
Q9LF98_S350	FBA8	sp|Q9LF98|ALFC8_ARATH	Q9LF98	LGDGAAEsLHVK	1	0	0	0	1	1	0	1	1	0	1	1	0	0	1	0	1	0	1	0	0	0	21411.332	10735.433	0	73226.63	52946.883	0	44308.164	35494.277	0	0	45360.645	0	44166.234	0	88760	-5.208494015138234	-5.294850530166642	-5.261908374800598	-0.15298253997564082	-1.5697979831345137	-1.6482878822912395	0.4772484995848689	-0.03167563577738264	-0.03325941756625177	0.03277959759319948	-0.7416803928554785	-0.7787644124982525	-5.314707466126757	-0.3150963573121288	-5.302583485939477	-0.753732435070031	-0.7914190568235325	0.07533572875961525
Q9LIA8_S393	UGD2	sp|Q9LIA8|UGDH2_ARATH	Q9LIA8	FDWDHPLHLQPMsPTTVK;KFDWDHPLHLQPMsPTTVK	0.9743	0.9743	0.9446	0	0	0	0	0	0	0	0	0	0	0	0	0	0	0	0	17576.086	21176.639	19922.635	0	0	0	0	0	0	0	0	0	0	0	0	0	0	0	-1.3124988628187904	-1.9454538138797002	-1.106627540098252	-5.295246335207779	-5.330510657642913	-5.365045295343375	-5.226274438106059	-5.2443864788073045	-5.306260338428318	-5.216770755826902	-5.174138581910595	-5.392175268723906	-5.207161790446645	-5.2032798617614775	-5.257069386348326	-5.2908287349418845	-5.3197542126998085	-5.308661058553165
Q9LJX0_S628	ABCB19	sp|Q9LJX0|AB19B_ARATH	Q9LJX0	LSHSLsTK	0.9178	0	0	0	0	0	0	0	0	0	0	0.9178	0	0	0.8342	0	0	0	0	0	0	0	0	0	0	0	0	0	0	28593.395	0	0	61460.79	0	0	0	70615.875	-5.2965095573702206	-5.3699711160246615	-5.296987462488638	-5.215334873166544	-5.3024195517791455	-5.186414301337609	-5.2671770075320925	-5.2591231091751816	-5.240900992182645	-5.311624739717873	-1.0535848933469971	-5.303376825464666	-5.2858524678441485	0.12312879909395313	-5.1760305697619895	-5.2433470115660015	-5.269398053136952	-0.25458138970918043
Q9LJX0_S647	ABCB19	sp|Q9LJX0|AB19B_ARATH	Q9LJX0	NLSYSYsTGADGR	0.9445	0	0	0	0	0	0	0	0.4814	0	0.9423	0	0	0.8825	0.921	0.8592	0	0	0.9445	0	0	0	0	0	0	0	33731.53	0	42352.152	0	0	46342.055	45970.18	21359.098	0	0	62140.742	-5.3205043161733	-5.269046301808993	-5.245048239973853	-5.282705652945203	-5.30907376256339	-5.311995372172309	-5.275670122286244	-0.6821236327477802	-5.247563538636506	-0.03235767170593995	-5.21617833801174	-5.331447201492372	-0.3778132598033821	-0.2958391968030192	-1.2897493587623323	-5.304718518252823	-5.367014361691719	-0.4390344705159226
Q9LP77_S373	RKL1	sp|Q9LP77|Y1848_ARATH	Q9LP77	VFDLEDLLRAsAEVLGK	1	0	0	0	0	0	0	0	0	0	0	0	0	0	1	0	0	0	0	0	0	0	0	0	0	0	0	0	0	0	0	0	43712.867	0	0	0	0	-5.259171733572832	-5.228869525795751	-5.251968514363735	-5.203236435081767	-5.235504344184711	-5.294030783168965	-5.192341276586706	-5.2425048427111145	-5.235777200196744	-5.31076629267638	-5.277140879740774	-5.3257694768013	-5.268301526784792	-5.19642948223068	-5.287551095474728	-5.261414533514512	-5.225475527686331	-5.344059948140757
Q9LQ55_S533	DRP2B	sp|Q9LQ55|DRP2B_ARATH	Q9LQ55	ATsPQPDGPSSTGGSLK	0.9837	0.9764	0.9534	0.9632	0.9647	0	0	0.9816	0.9792	0.9738	0.9734	0.9754	0.9837	0.9784	0.979	0.9729	0.9766	0.9739	0.9812	203563.81	1272959.9	330355.6	28991.443	21482.154	21798.271	577832.56	734387.06	118098.95	197334.03	218986.66	63784.523	159738.73	559245.4	409238.4	483180	308076.2	1401580.5	2.2212964969209548	3.9641157153786537	2.944911882245849	0.284270054270781	-0.5690397062079349	-0.524721926819776	3.4574596920063296	3.762247342805294	1.5952680862740003	2.1877749138799505	1.8835042627777057	1.1124306270810376	1.4075069630680552	3.3088720675616816	2.970269536785283	2.697812578240221	2.197213812753585	4.056336859169718
Q9LQ55_S570	DRP2B	sp|Q9LQ55|DRP2B_ARATH	Q9LQ55	EVsGLKtAGPEGEITAGYLMK	0.977	0	0.9492	0.9528	0	0	0	0	0	0	0	0	0.977	0	0	0.9647	0	0.9743	0	0	3355.712	0	0	0	0	0	0	0	0	0	0	0	0	0	0	0	0	-5.333142760144424	-5.311050534613634	-5.249632466491005	-5.26065109717732	-5.202337202956655	-5.326396999492768	-5.286628009198648	-5.369754242135296	-5.183736735913853	-5.21045811994531	-5.2967145898281665	-5.27731553579537	-5.27141600814364	-5.174906744896825	-5.262754708614065	-5.244024630038013	-5.229695938334166	-5.2301849972537084
Q9LQ55_S719	DRP2B	sp|Q9LQ55|DRP2B_ARATH	Q9LQ55	QSLsEGSLDK	0.9412	0	0	0	0	0	0	0.9334	0.9388	0.9353	0.8186	0.9316	0	0	0	0.9007	0.9412	0.9345	0.9217	0	0	0	0	0	0	51238.36	91936.81	55520.99	34686.176	27151.922	0	0	105606.99	65599.35	83951.08	85168.41	150362.16	-5.348227517747111	-5.227672129106385	-5.310880789438205	-5.266258973148065	-5.361064193558528	-5.2539593929986	-0.03789560309104267	0.764421218183676	0.5063771463557778	-0.3204321508906176	-1.128212494493992	-1.1846231192186916	0.31262736616718534	0.9040959110391729	0.32908143807072143	0.17287262915118973	0.34231690110504687	0.835795701525182
Q9LQ55_S823	DRP2B	sp|Q9LQ55|DRP2B_ARATH	Q9LQ55	QLsIHDNR	1	0	0	0	0	0	0	0	1	0	0	0	0	0	0	0	1	0	0	0	0	0	0	0	0	0	92972.99	0	0	0	0	0	135608.28	116531.18	355074.88	0	233184.47	-5.314926487757864	-5.3736222190970055	-5.3483020010102615	-5.335710651260067	-5.237147962543599	-5.2491528856366765	-5.230420848834418	0.7805902627129537	-5.291270069023358	-5.255585271489353	-5.244094735592698	-5.2689274969304325	1.1001418366299767	1.2648358524808874	1.15804403855787	2.2533751385953202	1.3953845716458546	1.4688258648903734
Q9LQ55_S844	DRP2B	sp|Q9LQ55|DRP2B_ARATH	Q9LQ55	AAAASSWSDNSGTESsPR	0.9845	0.9764	0.9694	0.9642	0	0	0	0.98	0.9715	0.9743	0.9751	0.9693	0.9845	0.9785	0.9742	0.9707	0.975	0.9745	0.9774	66421.45	64365.88	66284.836	0	15492.019	0	39333.04	58442.08	38074.324	25365.86	23683.248	36426.93	111041.16	92998.38	70818.65	82326.06	46556.43	96984.695	0.6055365208119756	-0.34163132122134066	0.627642849037942	-5.320009854659321	-1.0406531889135167	-5.208217864695516	-0.41937820814898075	0.11078613514175828	-0.03783772436673338	-0.7719048752331386	-1.32539986945911	0.30422963577338713	0.8828873586795041	0.720668073225708	0.43952926051458796	0.14467292667414355	-0.5290210804183193	0.20318315708374257
Q9LQ55_T574	DRP2B	sp|Q9LQ55|DRP2B_ARATH	Q9LQ55	EVsGLKtAGPEGEITAGYLMK	0.977	0	0.9493	0.9529	0	0	0	0	0	0	0	0	0.977	0	0	0.9647	0	0.9743	0	0	3355.712	0	0	0	0	0	0	0	0	0	0	0	0	0	0	0	0	-5.1812737632638095	-5.163719398185543	-5.220047142703894	-5.274034778642907	-5.271059415263051	-5.2799410514654195	-5.277817886375332	-5.267247976703833	-5.363307712469219	-5.264113131963259	-5.252907301617825	-5.312193037158572	-5.352531943242282	-5.282672577028275	-5.4207540224037425	-5.181047188870362	-5.230147053660068	-5.313508060486073
Q9LQF2_T70	CINV1	sp|Q9LQF2|CINV1_ARATH	Q9LQF2	SVLDtPLSSAR	0.9578	0	0	0	0	0	0	0	0	0	0.9578	0	0	0	0.9449	0	0	0	0.9238	0	0	0	0	0	0	0	0	0	48319.55	0	0	0	0	0	0	0	53062.043	-5.263917835702272	-5.272947253245038	-5.34768521290886	-5.308596263495791	-5.216383752552398	-5.322465609819217	-5.302244330063297	-5.301928762275253	-5.203321920208814	0.1578140694758563	-5.274217444173587	-5.236959007183782	-5.22610288812733	-5.283677884472055	-5.321102113900315	-5.256169455630517	-5.28260166108507	-0.6668937153529395
Q9LSB4_S488	NAI2	sp|Q9LSB4|NAI2_ARATH	Q9LSB4	sGGYNAGLEGLLKPADGVCGCFNK	0.9712	0	0	0	0	0	0	0	0	0	0	0	0	0	0	0	0.9712	0	0	0	0	0	0	0	0	0	0	0	0	0	0	0	0	0	15965.388	0	0	-5.192527619948186	-5.29067188764468	-5.280206649202482	-5.2305376712524385	-5.297853465500788	-5.265572071914362	-5.239844993655936	-5.284888279507801	-5.325256984993222	-5.249037358645708	-5.278667637692	-5.365667301209752	-5.2511956013236265	-5.258084581939057	-5.348613108001593	-5.290968519647719	-5.273430775654773	-5.292506082652097
Q9LT31_S330	VPS9A	sp|Q9LT31|VPS9A_ARATH	Q9LT31	AEsISDLENK	0.9457	0	0	0.9457	0	0	0	0	0	0	0	0	0	0	0	0	0	0	0	0	0	25532.094	0	0	0	0	0	0	0	0	0	0	0	0	0	0	0	-5.23708212402709	-5.343477120146529	-5.312389183102073	-5.287167715712442	-5.192479224724938	-5.272437248923207	-5.315760489882011	-5.187751057123361	-5.2762333431888395	-5.23707835137493	-5.208584842639017	-5.2441972748648915	-5.199661468180472	-5.304220608059277	-5.184743571795089	-5.355819558157738	-5.3134427001813584	-5.293997577425105
Q9LV11_T889	AHA11	sp|Q9LV11|PMA11_ARATH	Q9LV11	tLHGLQAPDAK	1	0	0	0	0	0	0	0	0	0	0	0	0	0	1	0	0	0	1	0	0	0	0	0	0	0	0	0	0	0	0	0	48991.266	0	0	0	52870.477	-5.253019066892396	-5.288346975723783	-5.235518995448087	-5.2436730721179226	-5.230731499053989	-5.190551493224043	-5.335938746370609	-5.216175795450012	-5.27794783287561	-5.3048298220167744	-5.353526249578314	-5.3071263890638	-5.279648455439817	-0.20401293868257042	-5.361686768442008	-5.282676183864209	-5.2391692351240255	-0.6721115959333197
Q9LVI6_S331	RLK902	sp|Q9LVI6|RLK90_ARATH	Q9LVI6	SYVNEYsPSAVK	0.9516	0	0	0	0	0	0	0.946	0.9382	0	0.9516	0	0.9487	0.8995	0.9384	0.9475	0	0	0.9476	0	0	0	0	0	0	41928.48	37967.176	0	0	0	6735.4023	52475.16	105757.51	83489.87	0	0	88026.51	-5.329573065408998	-5.2649169145999135	-5.3319171562269645	-5.267258753744074	-5.219932054814563	-5.3736686581222255	-0.3271893725296895	-0.5114686953392944	-0.5370421301062591	-5.149353722869156	-5.323062062260063	-2.130939752181165	-0.19850062014954517	0.9061506978578056	0.6770010813026364	-5.2176530585488585	-5.160719464679422	0.06336413140542163
Q9LZC3_Y15	MLS	sp|Q9LZC3|MASY_ARATH	Q9LZC3	MELETSVYRPNVAVyDSPDG	0.9636	0	0	0	0	0	0	0	0	0	0	0	0	0	0.9636	0	0.7655	0	0	0	0	0	0	0	0	0	0	0	0	0	0	0	0	0	2008.5319	0	0	-5.311865745646183	-5.298447251738835	-5.213592028082646	-5.305549716015865	-5.312530581183066	-5.185618580491181	-5.1763524044081475	-5.276026302426794	-5.150619034733753	-5.169487183652826	-5.268105621307557	-5.30536750144585	-5.298337310202383	-5.194573021313616	-5.237673714067688	-5.232560836042592	-5.265310532731864	-5.255530566821035
Q9M2D8_S13	At3g61260	sp|Q9M2D8|Y3126_ARATH	Q9M2D8	IALESEsPAK	0.9349	0	0	0	0	0	0	0	0	0	0	0	0	0	0.9349	0	0	0	0	0	0	0	0	0	0	0	0	0	0	0	0	0	49699.938	0	0	0	0	-5.289100273494053	-5.207912707678694	-5.280977095594977	-5.165081417791127	-5.2353358997649115	-5.21525788329666	-5.1908933477183306	-5.267022213475322	-5.353051099442528	-5.295156243071012	-5.235011698869989	-5.204505183482859	-5.254261703135563	-5.222717576555926	-5.217522472782901	-5.2132698885278765	-5.227296352271753	-5.274245897746828
Q9M885_S121	RPS7B	sp|Q9M885|RS72_ARATH	Q9M885	LTsVHEAMLEDVAYPAEIVGKR	0.9726	0	0	0.9508	0	0	0	0.8641	0.9726	0	0	0	0	0	0.7883	0.9644	0	0	0	0	0	0	0	0	0	0	0	0	0	0	0	12435.284	11405.883	8312.58	0	0	18209.9	-5.213440036249438	-5.289885643220539	-5.247247101509828	-5.290143238242013	-5.240783321617069	-5.239625274702416	-5.269953570346386	-5.263309107537463	-5.24298875425396	-5.3212277687046825	-5.213640199456291	-5.251210829982678	-2.275695823993253	-2.3067593730330245	-2.6512318565743556	-5.237247112412956	-5.27314560260045	-2.2098509390250953
Q9M8T0_S621	At3g02880	sp|Q9M8T0|Y3288_ARATH	Q9M8T0	LIEEVSHSSGsPNPVSD	0.9414	0	0	0	0	0	0	0.6192	0.8839	0	0	0.8795	0.9297	0	0.9366	0	0.94	0	0.9414	0	0	0	0	0	0	55718.21	58487.82	0	0	67870.31	10576.381	0	88691.07	0	47593.176	0	109298.625	-5.358596556980041	-5.227259184726144	-5.2776795514829065	-5.23376151152933	-5.162277696400685	-5.3224557863814095	0.0830290079654592	0.11191482634111871	0.07887755756718624	-1.5539262086021848	0.1935137826721025	-1.4799297224782713	-5.197027474145305	0.6522513398582053	-5.283050643563012	-0.6459215238700757	-0.6782176000635796	0.3756294078248992
Q9M8T0_S626	At3g02880	sp|Q9M8T0|Y3288_ARATH	Q9M8T0	LIEEVSHSSGSPNPVsD	0.9354	0	0	0	0	0	0	0	0.9354	0	0	0	0	0	0	0	0	0	0	0	0	0	0	0	0	0	64835.363	0	0	0	0	0	0	0	0	0	0	-5.26759006764655	-5.2912854491044055	-5.289599568350397	-5.3221815233613095	-5.258362498346111	-5.2410313495239595	-5.274000805242838	-5.345638866980431	-5.284812496793487	-5.244033932392258	-5.300710514685543	-5.294177806003471	-5.323155875375599	-5.235101712178924	-5.298106491932603	-5.106277662121694	-5.214022573614609	-5.272973910465085
Q9MB58_S276	FKFBP	sp|Q9MB58|F26_ARATH	Q9MB58	SVETLsPFQQK	0.938	0.938	0	0	0	0	0	0	0	0	0	0	0	0	0	0	0	0	0	54984.97	0	0	0	0	0	0	0	0	0	0	0	0	0	0	0	0	0	-5.264553720869135	-5.300539643641237	-5.250607643067115	-5.264310449626835	-5.351159555802933	-5.3568482253029766	-5.234614392912004	-5.380571423023348	-5.283690148168495	-5.181916299472938	-5.347817296933293	-5.249938061193437	-5.186179472522846	-5.239077199644414	-5.200379424429319	-5.313050282160502	-5.2330550767571795	-5.2555206111002
Q9MB58_S301	FKFBP	sp|Q9MB58|F26_ARATH	Q9MB58	sLSASSFLIDTK	0.8668	0	0	0	0	0	0	0.4773	0.4818	0	0.8668	0.4855	0	0	0	0	0	0	0	0	0	0	0	0	0	34599.992	51009.43	0	34806.395	31208.84	0	0	0	0	0	0	0	-5.1971687386363294	-5.140308160910304	-5.258941459628443	-5.209887526282317	-5.284810038042164	-5.2826280302002395	-0.6043481984896708	-0.08545741100758164	-0.6345656084141543	-0.31544055177016617	-0.927312085242118	-0.9736776895042238	-5.292313955978339	-5.332408293496299	-5.261007601379403	-5.266623970982123	-5.228581050283448	-5.275420492372826
Q9MB58_S303	FKFBP	sp|Q9MB58|F26_ARATH	Q9MB58	SLsASSFLIDTK	0.8998	0	0	0.4292	0	0	0	0.8998	0	0	0	0	0	0	0	0	0	0	0	0	0	37417.387	0	0	0	39371.48	0	0	0	0	0	0	0	0	0	0	0	-5.310453791171191	-5.2710964715226245	-0.19732720015406358	-5.172664020091447	-5.242147981682984	-5.250934860599481	-0.41796895740248274	-5.211855723582663	-5.175071830529804	-5.179133583677584	-5.286245991179389	-5.268638387701772	-5.282835796707546	-5.274724068134361	-5.242110447990699	-5.288671643722627	-5.322950803488851	-5.276621743047045
Q9MB58_T274	FKFBP	sp|Q9MB58|F26_ARATH	Q9MB58	SVEtLSPFQQK	0.897	0	0.897	0	0	0	0	0	0	0	0	0	0	0	0	0	0	0	0	0	141923.03	0	0	0	0	0	0	0	0	0	0	0	0	0	0	0	0	-5.192182811887065	-5.172030850869859	-5.2848361197056555	-5.2233261286847075	-5.271131289603148	-5.270750888822435	-5.29838820872254	-5.343596234422237	-5.17457072466016	-5.224618703789291	-5.354287780857925	-5.282045480796288	-5.186958748016034	-5.259349904823221	-5.255049098448993	-5.222213146125469	-5.215148813894853	-5.233295433900277
Q9S791_S87	F15H11.2	tr|Q9S791|Q9S791_ARATH	Q9S791	MTAIDsDDDGVVR	0.9604	0	0	0	0	0	0	0	0.9511	0.933	0.9604	0	0.9515	0	0	0	0.9516	0	0	0	0	0	0	0	0	0	175544.4	27112.84	33658.53	0	4874.6914	0	0	0	39732.703	0	0	-5.243913770204714	-5.19092759124078	-5.179200940786941	-5.25325656438505	-5.275080388585548	-5.264067256718899	-0.5540639022961613	1.6975426781953207	-0.527679906948725	-0.3638207795362245	-2.7272626308330827	-2.5973929817457933	-5.247188411319768	-5.29855677660301	-5.232565410522647	-0.9063493131405274	-5.329146446245985	-5.153371181733792
Q9SAG7_S187	At1g80930	tr|Q9SAG7|Q9SAG7_ARATH	Q9SAG7	VIADKPsDEEDDRQR	1	1	1	1	0	0	0	1	1	1	0	1	0	1	1	1	0	1	0	29300.082	29374.795	27538.78	0	0	0	39769.926	32664.916	41221.914	27784.672	28024.537	21756.21	37874.938	34541.766	34739.926	23342.818	22532.59	26134.85	-0.5752079946156208	-1.4733486639862523	-0.6395713654893118	-5.388845512431311	-5.256032830547228	-5.26761975186524	-0.4034420250611461	-0.7284794608169136	0.07675534647079907	-0.6405037401569906	-1.0825762819055118	-0.43934852005819103	-0.6688917535956111	-0.7081956672420482	-0.5880054007584352	-1.6736975187713607	-1.5759883622710724	-1.688599059748297
Q9SE60_S9	MTHFR1	sp|Q9SE60|MTHR1_ARATH	Q9SE60	KsVtEQGQTAFSFEFFPPK	0.7695	0	0	0	0	0	0	0	0	0	0	0	0	0	0	0.7695	0	0	0	0	0	0	0	0	0	0	0	0	0	0	0	0	0	5462.412	0	0	0	-5.237301929617267	-5.285198224587732	-5.144554286466836	-5.271885591454634	-5.263504722340785	-5.208468447414505	-5.229785819958878	-5.255629170547799	-5.273154686002806	-5.276400946850151	-5.3324210791243685	-5.233176740556493	-5.242311036856689	-5.316876637405354	-5.274038823213705	-5.20031000096791	-5.200969903819423	-5.325732612392134
Q9SE60_T11	MTHFR1	sp|Q9SE60|MTHR1_ARATH	Q9SE60	KsVtEQGQTAFSFEFFPPK	0.7695	0	0	0	0	0	0	0	0	0	0	0	0	0	0	0.7695	0	0	0	0	0	0	0	0	0	0	0	0	0	0	0	0	0	5462.412	0	0	0	-5.224573449155035	-5.2583330094473855	-5.245248801623339	-5.308284353143086	-5.275028893982965	-5.367595178931119	-5.301630710338241	-5.280005650701287	-5.1995036628058555	-5.317607537235272	-5.249588535190755	-5.260175885140877	-5.332844157011072	-5.250548350917336	-5.185639571960825	-5.217672532166423	-5.208103032881976	-5.275359339517209
Q9SE83_S533	DRP2A	sp|Q9SE83|DRP2A_ARATH	Q9SE83	ATsPQPDGPTAGGSLK	0.9797	0.9739	0.967	0.9628	0.9699	0.9439	0.9628	0.9797	0.9795	0.9729	0.9758	0.9732	0.9791	0.9761	0.9781	0.9741	0.9756	0.9745	0.9757	216366.84	1118112.2	356208.62	23402.314	8944.68	0	635197.2	870097.6	164897.69	208893.5	247561.88	38630.184	168915.05	602374.56	458183.2	539090.9	338083.22	1505995.9	2.3092948092638377	3.776993708906069	3.0536145106537074	-0.024705899354499294	-1.8330765895284298	-1.9247304190048513	3.5940127450867347	4.006883943364221	2.076843136921287	2.2699027471796054	2.0604504578738734	0.38895277277361195	1.4880906895150048	3.4160514250879555	3.133252574135879	2.8557803957043717	2.3313049925636697	4.1600000933480885
Q9SE83_S837	DRP2A	sp|Q9SE83|DRP2A_ARATH	Q9SE83	AAAASSYSDNSGTESsPR	0.9801	0.9749	0.9417	0.9212	0	0	0	0.9801	0.9444	0.9636	0	0	0	0.9746	0.9779	0.9732	0.9742	0.972	0.9797	35754.484	71580.05	58567.887	0	0	6086.732	38409.883	54609.824	24971.678	16997.46	16294.381	22964.521	123869.38	52065.035	40793.25	71766.29	67178.59	88225.55	-0.28798851399471914	-0.18836989595506637	0.44907383282709645	-5.2167825992450165	-5.3832150259592995	-2.3651958841789362	-0.4536423334852735	0.012939116636037085	-0.6463633785809524	-1.3494737747837533	-1.8648922728107706	-0.36136908477338636	1.0406124176316602	-0.11622267623939742	-0.35626963041932846	-0.05336991419528303	0	0.06662258005002641
Q9SJ62_S242	WDL4	sp|Q9SJ62|WDL4_ARATH	Q9SJ62	SSVGsASGFSFR	0.8463	0	0	0	0	0	0	0	0	0	0	0	0	0	0	0	0	0	0.8463	0	0	0	0	0	0	0	0	0	0	0	0	0	0	0	0	0	66670.64	-5.327337474950259	-5.273416942064165	-5.259248964837462	-5.238828521766884	-5.228592825185276	-5.2876717361213315	-5.288755121808075	-5.28213831059519	-5.292762843074701	-5.270909679402419	-5.220796928089484	-5.241507198802215	-5.2866428112989885	-5.299295409107357	-5.269897184162044	-5.2750745401108725	-5.203709123871105	-5.3781963294334885
Q9SMM5_S248	SWEET11	sp|Q9SMM5|SWT11_ARATH	Q9SMM5	LGTVSsPEPISVVR	0.9519	0	0	0	0	0	0	0	0.8985	0	0.9519	0.9257	0	0	0	0	0	0	0	0	0	0	0	0	0	0	92158.89	0	36577.355	57558.71	0	0	0	0	0	0	54048.473	-5.313347177934934	-5.233615031530237	-5.231546460867622	-5.2972240569185285	-5.275111397910231	-5.174828962125429	-5.319613465227237	0.7679019498911099	-5.175787439894854	-0.24384219545721564	-0.04423256112245433	-0.2560343052300764	-5.248827324075287	-5.212195723400938	-5.290988583732853	-5.320685171297637	-5.24476156977918	-0.6403200798615849
Q9SUQ9_S16	At4g23680	tr|Q9SUQ9|Q9SUQ9_ARATH	Q9SUQ9	ATSGTYVTEVPLKGsAEKY	0.9578	0	0.8993	0.9578	0	0	0	0	0	0	0	0	0.9556	0	0	0	0	0	0	0	808.0381	0	0	0	0	0	0	0	0	0	0	0	0	0	0	0	0	-5.243609204332332	-5.285932226935046	-5.308524094781571	-5.19967471426704	-5.331513882307266	-5.193212422995884	-5.294409200486839	-5.358808867373527	-5.155658982896316	-5.245735680550335	-5.318140185917765	-5.283431793563613	-5.304414430405635	-5.248918401046953	-5.257977575198334	-5.326702123261459	-5.251850517636466	-5.298378054819803
Q9SZI4_S244	At4g26130	tr|Q9SZI4|Q9SZI4_ARATH	Q9SZI4	TTsIGDGGEEGVDDK;TTsIGDGGEEGVDDKASNFINK	0.9429	0	0	0	0	0	0	0	0.9047	0	0	0	0	0	0	0	0.9429	0	0	0	0	0	0	0	0	0	38304.664	0	0	0	0	0	0	0	96825.766	0	0	-5.233013176793261	-5.234556300820319	-5.26637622880883	-5.304159862509967	-5.288196322193227	-5.315315451363901	-5.222996880978846	-5.19697336637093	-5.262170908883194	-5.247830506700294	-5.275124488148486	-5.253751545087674	-5.17100078408633	-5.251588454233931	-5.197939818514695	-5.252287212175261	-5.333463787541697	-5.324201533570382
Q9XGM1_S241	VHA-D	sp|Q9XGM1|VATD_ARATH	Q9XGM1	GIsINAAR	1	1	1	1	0	0	0	0	1	0	0	1	0	0	0	0	0	0	0	210324.66	410719.97	108523.234	0	0	0	90570.664	54955.125	0	0	89808.266	0	0	0	0	0	0	0	2.2684334101485835	2.3321557430762176	1.3388960273652604	-5.31336547545028	-5.269656104336874	-5.270211294488136	0.7839239316498006	0.022032639595435555	0.02093100761566378	-5.205064814682177	0.5975814174600913	-5.3474688409921	-5.316956709016445	-5.351686501173108	-5.239018505905976	-5.286972386781713	-5.356634233273647	-5.3056669264373175
Q9XIE2_S825	ABCG36	sp|Q9XIE2|AB36G_ARATH	Q9XIE2	SLsTADGNR	0.8147	0	0	0	0	0	0	0	0	0	0	0	0	0	0.7739	0	0	0	0.8147	0	0	0	0	0	0	0	0	0	0	0	0	0	74601.54	0	0	0	56027.86	-5.314435021918225	-5.24980903810571	-5.236803719726001	-5.328341394856449	-5.213420913990212	-5.241343935919191	-5.252978628591773	-5.251452449548575	-5.243053548412805	-5.216013436784996	-5.291134247413081	-5.2623861202524	-5.124939973785582	0.4026679003903251	-5.319074554606653	-5.249903065935883	-5.336572772743299	-0.5884295493010523
Q9ZV07_S282	PIP2-6	sp|Q9ZV07|PIP26_ARATH	Q9ZV07	sQLHELHA	1	0	0	0	0	0	0	1	1	0	1	1	0	1	1	0	0	0	1	0	0	0	0	0	0	48814.363	50621.133	0	96067.484	173481.73	0	54949.695	213621.55	0	0	0	192069.48	-5.2540204704396265	-5.215926512770663	-5.382347652249512	-5.293900435088175	-5.151980837003428	-5.303375597259124	-0.10781419802379766	-0.09648159242696686	-0.11320490792498754	1.1492552546181667	1.5474450101345916	1.0917924918872584	-0.13202380706705696	1.9204477754119527	-0.13862499742040982	-5.33585794347646	-5.241791075399838	1.1889824478861932
